study,profession,pop,group1,group2,h,rl_sm,n_creative,n_left_creative,n_right_creative,n_control,n_left_control,n_right_control,PL_creative,PL_control,es_type,lower,effect,upper,chi_sq,p,correction,method,notes,comparison,pref_success,include,exclude_rnr,model_obj
peterson_1979,Art/Architecture,Students,"Design, Arch., Art",Sciences,Drawing hand,R/L,147,18,129,92,4,88,12.244897959183673,4.3478260869565215,OR,1.0468459645941859,3.069767441860465,8.956901135808451,3.33,0.06801394833743661,NA,Score,NA,R/L,preference,0,0,
peterson_1979,Art/Architecture,Students,"Design, Arch., Art",Sciences,Drawing hand,R/L,147,18,129,92,4,88,12.244897959183673,4.3478260869565215,RR,0.9839497214268781,2.816326530612245,8.061077669220975,NA,NA,FALSE,Unconditional MLE & normal approximation (Wald) CI,NA,R/L,preference,0,0,
peterson_1979,Art/Architecture,Students,"Design, Arch., Art",Behavioral Sciences,Drawing hand,R/L,147,18,129,90,8,82,12.244897959183673,8.88888888888889,OR,0.6046591453541774,1.4302325581395348,3.372876675209616,0.35,0.5564050364601224,NA,Score,NA,R/L,preference,0,0,
peterson_1979,Art/Architecture,Students,"Design, Arch., Art",Behavioral Sciences,Drawing hand,R/L,147,18,129,90,8,82,12.244897959183673,8.88888888888889,RR,0.6249248348115655,1.3775510204081631,3.0366000967136664,NA,NA,FALSE,Unconditional MLE & normal approximation (Wald) CI,NA,R/L,preference,0,0,
peterson_1979,Art/Architecture,Students,"Design, Arch., Art",Business Admin.,Drawing hand,R/L,147,18,129,241,23,218,12.244897959183673,9.54356846473029,OR,0.6924812180264324,1.3225480283114255,2.525892748651671,0.45,0.5032100380108586,NA,Score,NA,R/L,preference,0,0,
peterson_1979,Art/Architecture,Students,"Design, Arch., Art",Business Admin.,Drawing hand,R/L,147,18,129,241,23,218,12.244897959183673,9.54356846473029,RR,0.7171664752759463,1.2830523513753327,2.2954549510088964,NA,NA,FALSE,Unconditional MLE & normal approximation (Wald) CI,NA,R/L,preference,0,0,
peterson_1979,Art/Architecture,Students,"Design, Arch., Art",Engineering,Drawing hand,R/L,147,18,129,75,8,67,12.244897959183673,10.666666666666668,OR,0.4910968079771747,1.1686046511627908,2.7724637552022258,0.02,0.9003404067394338,NA,Score,NA,R/L,preference,0,0,
peterson_1979,Art/Architecture,Students,"Design, Arch., Art",Engineering,Drawing hand,R/L,147,18,129,75,8,67,12.244897959183673,10.666666666666668,RR,0.5236001612667929,1.1479591836734693,2.5168255949195304,NA,NA,FALSE,Unconditional MLE & normal approximation (Wald) CI,NA,R/L,preference,0,0,
peterson_1979,Art/Architecture,Students,"Design, Arch., Art",Nursing,Drawing hand,R/L,147,18,129,71,3,68,12.244897959183673,4.225352112676056,OR,0.9537976113368686,3.1627906976744184,10.41468485235054,2.68,0.10188238247803852,NA,Score,NA,R/L,preference,0,0,
peterson_1979,Art/Architecture,Students,"Design, Arch., Art",Nursing,Drawing hand,R/L,147,18,129,71,3,68,12.244897959183673,4.225352112676056,RR,0.8825243089957405,2.8979591836734695,9.516074905397238,NA,NA,FALSE,Unconditional MLE & normal approximation (Wald) CI,NA,R/L,preference,0,0,
peterson_1979,Art/Architecture,Students,"Design, Arch., Art","Non-art, music",Drawing hand,R/L,147,18,129,569,46,523,12.244897959183673,8.084358523725834,OR,0.8953214908307296,1.5864509605662285,2.813898139085442,2,0.15735099029875982,NA,Score,NA,R/L,preference,1,0,
peterson_1979,Art/Architecture,Students,"Design, Arch., Art","Non-art, music",Drawing hand,R/L,147,18,129,569,46,523,12.244897959183673,8.084358523725834,RR,0.9060409885875161,1.5146406388642413,2.5320446798720986,NA,NA,FALSE,Unconditional MLE & normal approximation (Wald) CI,NA,R/L,preference,1,0,
peterson_1979,Music,Students,Music,Sciences,Drawing hand,R/L,47,7,40,92,4,88,14.893617021276595,4.3478260869565215,OR,1.1256156050074435,3.8499999999999996,13.089615476862992,3.41,0.06478053252506195,NA,Score,NA,R/L,preference,0,0,
peterson_1979,Music,Students,Music,Sciences,Drawing hand,R/L,47,7,40,92,4,88,14.893617021276595,4.3478260869565215,RR,1.0556088360423481,3.4255319148936167,11.116114700165298,NA,NA,FALSE,Unconditional MLE & normal approximation (Wald) CI,NA,R/L,preference,0,0,
peterson_1979,Music,Students,Music,Behavioral Sciences,Drawing hand,R/L,47,7,40,90,8,82,14.893617021276595,8.88888888888889,OR,0.6271784950853917,1.7937499999999997,5.1404462739512615,0.61,0.4351647639305417,NA,Score,NA,R/L,preference,0,0,
peterson_1979,Music,Students,Music,Behavioral Sciences,Drawing hand,R/L,47,7,40,90,8,82,14.893617021276595,8.88888888888889,RR,0.6472998590984071,1.675531914893617,4.337104602088703,NA,NA,FALSE,Unconditional MLE & normal approximation (Wald) CI,NA,R/L,preference,0,0,
peterson_1979,Music,Students,Music,Business Admin.,Drawing hand,R/L,47,7,40,241,23,218,14.893617021276595,9.54356846473029,OR,0.6825753178837463,1.658695652173913,4.0509158339994515,0.7,0.40239232534103775,NA,Score,NA,R/L,preference,0,0,
peterson_1979,Music,Students,Music,Business Admin.,Drawing hand,R/L,47,7,40,241,23,218,14.893617021276595,9.54356846473029,RR,0.7109556448225252,1.5605920444033303,3.425597007057907,NA,NA,FALSE,Unconditional MLE & normal approximation (Wald) CI,NA,R/L,preference,0,0,
peterson_1979,Music,Students,Music,Engineering,Drawing hand,R/L,47,7,40,75,8,67,14.893617021276595,10.666666666666668,OR,0.509386750096948,1.465625,4.225384546326028,0.17,0.6828006720109973,NA,Score,NA,R/L,preference,0,0,
peterson_1979,Music,Students,Music,Engineering,Drawing hand,R/L,47,7,40,75,8,67,14.893617021276595,10.666666666666668,RR,0.5418485744798573,1.3962765957446808,3.598031670925488,NA,NA,FALSE,Unconditional MLE & normal approximation (Wald) CI,NA,R/L,preference,0,0,
peterson_1979,Music,Students,Music,Nursing,Drawing hand,R/L,47,7,40,71,3,68,14.893617021276595,4.225352112676056,OR,1.0420985514186385,3.9666666666666663,14.948645617901176,2.89,0.08923510546337975,NA,Score,NA,R/L,preference,0,0,
peterson_1979,Music,Students,Music,Nursing,Drawing hand,R/L,47,7,40,71,3,68,14.893617021276595,4.225352112676056,RR,0.9593612182293287,3.524822695035461,12.950674673266901,NA,NA,FALSE,Unconditional MLE & normal approximation (Wald) CI,NA,R/L,preference,0,0,
peterson_1979,Music,Students,Music,"Non-art, music",Drawing hand,R/L,47,7,40,569,46,523,14.893617021276595,8.084358523725834,OR,0.8615961130769434,1.9896739130434782,4.608528877030263,1.77,0.18373984382242253,NA,Score,NA,R/L,preference,1,0,
peterson_1979,Music,Students,Music,"Non-art, music",Drawing hand,R/L,47,7,40,569,46,523,14.893617021276595,8.084358523725834,RR,0.8812358032812909,1.8422756706753005,3.851386466737517,NA,NA,FALSE,Unconditional MLE & normal approximation (Wald) CI,NA,R/L,preference,1,0,
mebert_1980,Art,Students,Art,Non-Art,HPQ,R/L,75,21,54,86,7,79,28.000000000000004,8.13953488372093,OR,1.7721112711299067,4.388888888888889,10.815529772431132,9.66,0.0018831520341616992,NA,Score,NA,SR/SL,preference,1,0,
mebert_1980,Art,Students,Art,Non-Art,HPQ,R/L,75,21,54,86,7,79,28.000000000000004,8.13953488372093,RR,1.549742770476415,3.44,7.635847848712447,NA,NA,FALSE,Unconditional MLE & normal approximation (Wald) CI,NA,SR/SL,preference,1,0,
mebert_1980,Art,Students,Art,Non-Art,HPQ,S/M,103,49,54,101,22,79,47.57281553398058,21.782178217821784,OR,1.772140786496867,3.2584175084175087,5.991219625473344,13.83,1.9972430035271888e-4,NA,Score,NA,SR/(M+SL),preference,1,1,
mebert_1980,Art,Students,Art,Non-Art,HPQ,S/M,103,49,54,101,22,79,47.57281553398058,21.782178217821784,RR,1.4328272612390813,2.1840247131509267,3.3290572260113303,NA,NA,FALSE,Unconditional MLE & normal approximation (Wald) CI,NA,SR/(M+SL),preference,1,1,
mebert_1980,Art,Students,Art,Non-Art,HPQ,S/M,103,28,75,101,15,86,27.184466019417474,14.85148514851485,OR,1.0692982716794257,2.1404444444444444,4.280307576921791,3.95,0.046851119847150346,NA,Score,NA,(SR+SL)/M,preference,1,0,
mebert_1980,Art,Students,Art,Non-Art,HPQ,S/M,103,28,75,101,15,86,27.184466019417474,14.85148514851485,RR,1.0415025423083817,1.83042071197411,3.216929240900274,NA,NA,FALSE,Unconditional MLE & normal approximation (Wald) CI,NA,(SR+SL)/M,preference,1,0,
coren_1982,Art/Science,Students,Science/Visual  Art,Lang/Lit,13i_3pt,R/L,225,28,197,262,27,235,12.444444444444445,10.305343511450381,OR,0.7086950880556667,1.2370746380898665,2.159396454127768,0.36,0.5485223248817873,NA,Score,NA,0 split,preference,1,0,
coren_1982,Art/Science,Students,Science/Visual  Art,Lang/Lit,13i_3pt,R/L,225,28,197,262,27,235,12.444444444444445,10.305343511450381,RR,0.7340933277919768,1.2075720164609052,1.9864370369984914,NA,NA,FALSE,Unconditional MLE & normal approximation (Wald) CI,NA,0 split,preference,1,0,
coren_1982,Art/Science,Students,Science/Visual  Art,Lang/Lit,13i_3pt,S/M,225,69,156,262,21,241,30.666666666666664,8.015267175572518,OR,3.0024531466916202,5.076007326007326,8.581599483765876,39.74,2.9071375193683087e-10,NA,Score,NA,SR/(M+SL),preference,1,0,
coren_1982,Art/Science,Students,Science/Visual  Art,Lang/Lit,13i_3pt,S/M,225,69,156,262,21,241,30.666666666666664,8.015267175572518,RR,2.4278457330556362,3.826031746031746,6.02942712641754,NA,NA,FALSE,Unconditional MLE & normal approximation (Wald) CI,NA,SR/(M+SL),preference,1,0,
giotakos_2004,Art/Music,Military,Art Hobbies,Non-Art Hobbes,AHQ,S/M,184,90,94,695,281,414,48.91304347826087,40.431654676258994,OR,1.0179913650317094,1.4106155826455669,1.9546691557059617,3.95,0.046881272010630116,NA,Score,NA,SR/(M+SL),preference,1,1,
giotakos_2004,Art/Music,Military,Art Hobbies,Non-Art Hobbes,AHQ,S/M,184,90,94,695,281,414,48.91304347826087,40.431654676258994,RR,1.0175257492613716,1.2097710041776264,1.4383379325892636,NA,NA,FALSE,Unconditional MLE & normal approximation (Wald) CI,NA,SR/(M+SL),preference,1,1,
giotakos_2004,Art/Music,Military,Art Hobbies,Non-Art Hobbes,AHQ,R/L,100,6,94,439,25,414,6,5.694760820045558,OR,0.4332427392369918,1.0570212765957447,2.586654345521175,0,0.999999999999999,NA,Score,NA,SR/SL,preference,1,0,
giotakos_2004,Art/Music,Military,Art Hobbies,Non-Art Hobbes,AHQ,R/L,100,6,94,439,25,414,6,5.694760820045558,RR,0.44400198199278684,1.0536,2.5001531637713144,NA,NA,FALSE,Unconditional MLE & normal approximation (Wald) CI,NA,SR/SL,preference,1,0,
giotakos_2004,Art/Music,Military,Art Hobbies,Non-Art Hobbies,AHQ,S/M,184,84,100,695,256,439,45.65217391304348,36.83453237410072,OR,1.0374593836197326,1.44046875,2.000030316837074,4.4,0.03584422620317389,NA,Score,NA,(SR+SL)/M,preference,1,0,
giotakos_2004,Art/Music,Military,Art Hobbies,Non-Art Hobbies,AHQ,S/M,184,84,100,695,256,439,45.65217391304348,36.83453237410072,RR,1.0297591266401738,1.2393851902173911,1.491684424047786,NA,NA,FALSE,Unconditional MLE & normal approximation (Wald) CI,NA,(SR+SL)/M,preference,1,0,
shettel-neuber_1983,Art,Faculty,Art,Law,1i_3pt,S/M,31,1,30,26,2,24,3.225806451612903,7.6923076923076925,OR,0.04906547839324677,0.4,3.333447730067114,0.02,0.8754799600093146,NA,Score,NA,(SR+SL)/M,mix,0,0,
shettel-neuber_1983,Art,Faculty,Art,Law,1i_3pt,S/M,31,1,30,26,2,24,3.225806451612903,7.6923076923076925,RR,0.04026695610737182,0.4193548387096774,4.367314983538686,NA,NA,FALSE,Unconditional MLE & normal approximation (Wald) CI,NA,(SR+SL)/M,mix,0,0,
shettel-neuber_1983,Art,Faculty,Art,Psychology,1i_3pt,S/M,31,1,30,29,0,29,3.225806451612903,0,OR,0.23690317432194,Inf,Inf,0,0.9999999999999998,NA,Score,NA,(SR+SL)/M,mix,0,0,
shettel-neuber_1983,Art,Faculty,Art,Psychology,1i_3pt,S/M,31,1,30,29,0,29,3.225806451612903,0,RR,NA,Inf,Inf,NA,NA,FALSE,Unconditional MLE & normal approximation (Wald) CI,NA,(SR+SL)/M,mix,0,0,
shettel-neuber_1983,Art,Faculty,Art,"Law, Psychology",1i_3pt,S/M,31,1,30,55,2,53,3.225806451612903,3.6363636363636362,OR,0.11065124188794642,0.8833333333333333,7.172528176703782,0,0.9999999999999992,NA,Score,NA,(SR+SL)/M,mix,1,0,
shettel-neuber_1983,Art,Faculty,Art,"Law, Psychology",1i_3pt,S/M,31,1,30,55,2,53,3.225806451612903,3.6363636363636362,RR,0.08378072149836127,0.8870967741935484,9.392861182270815,NA,NA,FALSE,Unconditional MLE & normal approximation (Wald) CI,NA,(SR+SL)/M,mix,1,0,
shettel-neuber_1983,Architecture,Faculty,Architecture,Law,1i_3pt,S/M,23,0,23,26,2,24,0,7.6923076923076925,OR,0,0,2.2042937434263687,0.4,0.5255731044826771,NA,Score,NA,(SR+SL)/M,mix,0,0,
shettel-neuber_1983,Architecture,Faculty,Architecture,Law,1i_3pt,S/M,23,0,23,26,2,24,0,7.6923076923076925,RR,0,0,NA,NA,NA,FALSE,Unconditional MLE & normal approximation (Wald) CI,NA,(SR+SL)/M,mix,0,0,
shettel-neuber_1983,Architecture,Faculty,Architecture,Psychology,1i_3pt,S/M,23,0,23,29,0,29,0,0,OR,0,NA,Inf,NA,NA,NA,Score,NA,(SR+SL)/M,mix,0,0,
shettel-neuber_1983,Architecture,Faculty,Architecture,Psychology,1i_3pt,S/M,23,0,23,29,0,29,0,0,RR,NA,NA,NA,NA,NA,FALSE,Unconditional MLE & normal approximation (Wald) CI,NA,(SR+SL)/M,mix,0,0,
shettel-neuber_1983,Architecture,Faculty,Architecture,"Law, Psychology",1i_3pt,S/M,23,0,23,55,2,53,0,3.6363636363636362,OR,0,0,4.73704496995417,0.02,0.8878804135346339,NA,Score,NA,(SR+SL)/M,mix,1,0,
shettel-neuber_1983,Architecture,Faculty,Architecture,"Law, Psychology",1i_3pt,S/M,23,0,23,55,2,53,0,3.6363636363636362,RR,0,0,NA,NA,NA,FALSE,Unconditional MLE & normal approximation (Wald) CI,NA,(SR+SL)/M,mix,1,0,
shettel-neuber_1983,Art,Faculty,Art,Law,1i_3pt,S/M,31,2,29,26,6,20,6.451612903225806,23.076923076923077,OR,0.04784689678314883,0.22988505747126436,1.1381251872153721,2.01,0.1564738816039355,NA,Score,NA,SR/(M + SL),mix,0,1,
shettel-neuber_1983,Art,Faculty,Art,Law,1i_3pt,S/M,31,2,29,26,6,20,6.451612903225806,23.076923076923077,RR,0.06157198731405784,0.27956989247311825,1.2693974676952802,NA,NA,FALSE,Unconditional MLE & normal approximation (Wald) CI,NA,SR/(M + SL),mix,0,1,
shettel-neuber_1983,Art,Faculty,Art,Psychology,1i_3pt,S/M,31,2,29,29,1,28,6.451612903225806,3.4482758620689653,OR,0.23287708606706325,1.9310344827586208,15.664033217091808,0,0.9999999999999993,NA,Score,NA,SR/(M + SL),mix,0,1,
shettel-neuber_1983,Art,Faculty,Art,Psychology,1i_3pt,S/M,31,2,29,29,1,28,6.451612903225806,3.4482758620689653,RR,0.17906800777941878,1.8709677419354838,19.548552166142404,NA,NA,FALSE,Unconditional MLE & normal approximation (Wald) CI,NA,SR/(M + SL),mix,0,1,
shettel-neuber_1983,Art,Faculty,Art,"Law, Psychology",1i_3pt,S/M,31,2,29,55,7,48,6.451612903225806,12.727272727272727,OR,0.10440680339642754,0.4729064039408867,2.191822460564242,0.3,0.585059241419656,NA,Score,NA,SR/(M + SL),mix,1,1,
shettel-neuber_1983,Art,Faculty,Art,"Law, Psychology",1i_3pt,S/M,31,2,29,55,7,48,6.451612903225806,12.727272727272727,RR,0.1121436381523554,0.5069124423963134,2.2913490991535013,NA,NA,FALSE,Unconditional MLE & normal approximation (Wald) CI,NA,SR/(M + SL),mix,1,1,
shettel-neuber_1983,Architecture,Faculty,Architecture,Law,1i_3pt,S/M,23,1,22,26,6,20,4.3478260869565215,23.076923076923077,OR,0.022071580702675748,0.15151515151515152,1.0977890021120453,2.13,0.14407857627493115,NA,Score,NA,SR/(M + SL),mix,0,1,
shettel-neuber_1983,Architecture,Faculty,Architecture,Law,1i_3pt,S/M,23,1,22,26,6,20,4.3478260869565215,23.076923076923077,RR,0.02446616878474487,0.18840579710144925,1.4508501389708954,NA,NA,FALSE,Unconditional MLE & normal approximation (Wald) CI,NA,SR/(M + SL),mix,0,1,
shettel-neuber_1983,Architecture,Faculty,Architecture,Psychology,1i_3pt,S/M,23,1,22,29,1,28,4.3478260869565215,3.4482758620689653,OR,0.12380706311152187,1.272727272727273,13.083540389652077,0,0.9999999999999997,NA,Score,NA,SR/(M + SL),mix,0,1,
shettel-neuber_1983,Architecture,Faculty,Architecture,Psychology,1i_3pt,S/M,23,1,22,29,1,28,4.3478260869565215,3.4482758620689653,RR,0.0832884149375855,1.2608695652173914,19.087793442615624,NA,NA,FALSE,Unconditional MLE & normal approximation (Wald) CI,NA,SR/(M + SL),mix,0,1,
shettel-neuber_1983,Architecture,Faculty,Architecture,"Law, Psychology",1i_3pt,S/M,23,1,22,55,7,48,4.3478260869565215,12.727272727272727,OR,0.04735099870824045,0.3116883116883117,2.1332458595227912,0.49,0.4820280048858295,NA,Score,NA,SR/(M + SL),mix,1,1,
shettel-neuber_1983,Architecture,Faculty,Architecture,"Law, Psychology",1i_3pt,S/M,23,1,22,55,7,48,4.3478260869565215,12.727272727272727,RR,0.0445094387567972,0.34161490683229817,2.621932512061118,NA,NA,FALSE,Unconditional MLE & normal approximation (Wald) CI,NA,SR/(M + SL),mix,1,1,
shettel-neuber_1983,Art,Faculty,Art,Law,1i_3pt,R/L,30,1,29,24,4,20,3.3333333333333335,16.666666666666664,OR,0.024083418085205102,0.17241379310344826,1.2898086849127837,1.46,0.22733645129892713,NA,Score,NA,SR/SL,mix,0,0,
shettel-neuber_1983,Art,Faculty,Art,Law,1i_3pt,R/L,30,1,29,24,4,20,3.3333333333333335,16.666666666666664,RR,0.023897337099184277,0.2,1.67382666252657,NA,NA,FALSE,Unconditional MLE & normal approximation (Wald) CI,NA,SR/SL,mix,0,0,
shettel-neuber_1983,Art,Faculty,Art,Psychology,1i_3pt,R/L,30,1,29,29,1,28,3.3333333333333335,3.4482758620689653,OR,0.09477129211319076,0.9655172413793104,9.836560445828944,0,0.9999999999999998,NA,Score,NA,SR/SL,mix,0,0,
shettel-neuber_1983,Art,Faculty,Art,Psychology,1i_3pt,R/L,30,1,29,29,1,28,3.3333333333333335,3.4482758620689653,RR,0.06339878088622453,0.9666666666666667,14.739154781562737,NA,NA,FALSE,Unconditional MLE & normal approximation (Wald) CI,NA,SR/SL,mix,0,0,
shettel-neuber_1983,Art,Faculty,Art,"Law, Psychology",1i_3pt,R/L,30,1,29,53,5,48,3.3333333333333335,9.433962264150944,OR,0.04890212062571029,0.3310344827586207,2.3137117762180375,0.35,0.5552266540804622,NA,Score,NA,SR/SL,mix,1,0,
shettel-neuber_1983,Art,Faculty,Art,"Law, Psychology",1i_3pt,R/L,30,1,29,53,5,48,3.3333333333333335,9.433962264150944,RR,0.04327595804657061,0.3533333333333333,2.88484530625747,NA,NA,FALSE,Unconditional MLE & normal approximation (Wald) CI,NA,SR/SL,mix,1,0,
shettel-neuber_1983,Architecture,Faculty,Architecture,Law,1i_3pt,R/L,23,1,22,24,4,20,4.3478260869565215,16.666666666666664,OR,0.031462030287135415,0.22727272727272727,1.7258846899112932,0.8,0.37022880376295114,NA,Score,NA,SR/SL,mix,0,0,
shettel-neuber_1983,Architecture,Faculty,Architecture,Law,1i_3pt,R/L,23,1,22,24,4,20,4.3478260869565215,16.666666666666664,RR,0.031458264990574865,0.2608695652173913,2.1632766485087447,NA,NA,FALSE,Unconditional MLE & normal approximation (Wald) CI,NA,SR/SL,mix,0,0,
shettel-neuber_1983,Architecture,Faculty,Architecture,Psychology,1i_3pt,R/L,23,1,22,29,1,28,4.3478260869565215,3.4482758620689653,OR,0.12380706311152187,1.272727272727273,13.083540389652077,0,0.9999999999999997,NA,Score,NA,SR/SL,mix,0,0,
shettel-neuber_1983,Architecture,Faculty,Architecture,Psychology,1i_3pt,R/L,23,1,22,29,1,28,4.3478260869565215,3.4482758620689653,RR,0.0832884149375855,1.2608695652173914,19.087793442615624,NA,NA,FALSE,Unconditional MLE & normal approximation (Wald) CI,NA,SR/SL,mix,0,0,
shettel-neuber_1983,Architecture,Faculty,Architecture,"Law, Psychology",1i_3pt,R/L,23,1,22,53,5,48,4.3478260869565215,9.433962264150944,OR,0.06394850410281205,0.43636363636363634,3.095962818479696,0.09,0.7699735137949588,NA,Score,NA,SR/SL,mix,1,0,
shettel-neuber_1983,Architecture,Faculty,Architecture,"Law, Psychology",1i_3pt,R/L,23,1,22,53,5,48,4.3478260869565215,9.433962264150944,RR,0.05697432377003592,0.46086956521739125,3.728008374456103,NA,NA,FALSE,Unconditional MLE & normal approximation (Wald) CI,NA,SR/SL,mix,1,0,
preti_2007,Art,Professionals,Writers,Noncreatives,AHQ,R/L,20,0,20,78,0,78,0,0,OR,0,NA,Inf,NA,NA,NA,Score,NA,SR/SL,mix,0,0,
preti_2007,Art,Professionals,Writers,Noncreatives,AHQ,R/L,20,0,20,78,0,78,0,0,RR,NA,NA,NA,NA,NA,FALSE,Unconditional MLE & normal approximation (Wald) CI,NA,SR/SL,mix,0,0,
preti_2007,Art,Professionals,Painters,Noncreatives,AHQ,R/L,22,2,20,78,0,78,9.090909090909092,0,OR,1.9054873248678115,Inf,Inf,3.34,0.06758556677451151,NA,Score,NA,SR/SL,mix,0,0,
preti_2007,Art,Professionals,Painters,Noncreatives,AHQ,R/L,22,2,20,78,0,78,9.090909090909092,0,RR,NA,Inf,Inf,NA,NA,FALSE,Unconditional MLE & normal approximation (Wald) CI,NA,SR/SL,mix,0,0,
preti_2007,Music,Professionals,Musicians,Noncreatives,AHQ,R/L,28,3,25,78,0,78,10.714285714285714,0,OR,2.2954463851675166,Inf,Inf,5.15,0.02330283017116071,NA,Score,NA,SR/SL,mix,1,0,
preti_2007,Music,Professionals,Musicians,Noncreatives,AHQ,R/L,28,3,25,78,0,78,10.714285714285714,0,RR,NA,Inf,Inf,NA,NA,FALSE,Unconditional MLE & normal approximation (Wald) CI,NA,SR/SL,mix,1,0,
preti_2007,Art,Professionals,"Writers, Painters",Noncreatives,AHQ,R/L,42,2,40,78,0,78,4.761904761904762,0,OR,0.9743580017223832,Inf,Inf,1.43,0.23169362695829715,NA,Score,NA,SR/SL,mix,1,0,
preti_2007,Art,Professionals,"Writers, Painters",Noncreatives,AHQ,R/L,42,2,40,78,0,78,4.761904761904762,0,RR,NA,Inf,Inf,NA,NA,FALSE,Unconditional MLE & normal approximation (Wald) CI,NA,SR/SL,mix,1,0,
preti_2007,Art,Professionals,Writers,Noncreatives,AHQ,S/M,25,5,20,80,2,78,20,2.5,OR,1.9851710993678051,9.75,46.98549594227673,6.77,0.009252445603533579,NA,Score,NA,(SR+SL)/M,mix,0,0,
preti_2007,Art,Professionals,Writers,Noncreatives,AHQ,S/M,25,5,20,80,2,78,20,2.5,RR,1.6525338593622823,8,38.728404648058316,NA,NA,FALSE,Unconditional MLE & normal approximation (Wald) CI,NA,(SR+SL)/M,mix,0,0,
preti_2007,Art,Professionals,Painters,Noncreatives,AHQ,S/M,25,3,22,80,2,78,12,2.5,OR,0.9837507380919132,5.318181818181818,28.521257578192607,1.99,0.15884825879861733,NA,Score,NA,(SR+SL)/M,mix,0,0,
preti_2007,Art,Professionals,Painters,Noncreatives,AHQ,S/M,25,3,22,80,2,78,12,2.5,RR,0.8493347924795265,4.8,27.127111951622283,NA,NA,FALSE,Unconditional MLE & normal approximation (Wald) CI,NA,(SR+SL)/M,mix,0,0,
preti_2007,Music,Professionals,Musicians,Noncreatives,AHQ,S/M,30,2,28,80,2,78,6.666666666666667,2.5,OR,0.4644237317370138,2.7857142857142856,16.726027881178535,0.22,0.6398813271394176,NA,Score,NA,(SR+SL)/M,mix,1,0,
preti_2007,Music,Professionals,Musicians,Noncreatives,AHQ,S/M,30,2,28,80,2,78,6.666666666666667,2.5,RR,0.3930996699578119,2.6666666666666665,18.089842486701365,NA,NA,FALSE,Unconditional MLE & normal approximation (Wald) CI,NA,(SR+SL)/M,mix,1,0,
preti_2007,Art,Professionals,"Writers, Painters",Noncreatives,AHQ,S/M,50,8,42,80,2,78,16,2.5,OR,1.679874227567736,7.428571428571429,32.36105546437163,6.11,0.013436764426867732,NA,Score,NA,(SR+SL)/M,mix,1,0,
preti_2007,Art,Professionals,"Writers, Painters",Noncreatives,AHQ,S/M,50,8,42,80,2,78,16,2.5,RR,1.4157152631656345,6.3999999999999995,28.932371547941553,NA,NA,FALSE,Unconditional MLE & normal approximation (Wald) CI,NA,(SR+SL)/M,mix,1,0,
preti_2007,Art,Professionals,Writers,Noncreatives,AHQ,S/M,25,5,20,80,2,78,20,2.5,OR,1.9851710993678051,9.75,46.98549594227673,6.77,0.009252445603533579,NA,Score,NA,SR/(M+SL),mix,0,1,
preti_2007,Art,Professionals,Writers,Noncreatives,AHQ,S/M,25,5,20,80,2,78,20,2.5,RR,1.6525338593622823,8,38.728404648058316,NA,NA,FALSE,Unconditional MLE & normal approximation (Wald) CI,NA,SR/(M+SL),mix,0,1,
preti_2007,Art,Professionals,Painters,Noncreatives,AHQ,S/M,25,5,20,80,2,78,20,2.5,OR,1.9851710993678051,9.75,46.98549594227673,6.77,0.009252445603533579,NA,Score,NA,SR/(M+SL),mix,0,1,
preti_2007,Art,Professionals,Painters,Noncreatives,AHQ,S/M,25,5,20,80,2,78,20,2.5,RR,1.6525338593622823,8,38.728404648058316,NA,NA,FALSE,Unconditional MLE & normal approximation (Wald) CI,NA,SR/(M+SL),mix,0,1,
preti_2007,Music,Professionals,Musicians,Noncreatives,AHQ,S/M,30,5,25,80,2,78,16.666666666666664,2.5,OR,1.6105158959379324,7.800000000000001,37.140254256690554,5.16,0.02306767651230056,NA,Score,NA,SR/(M+SL),mix,1,1,
preti_2007,Music,Professionals,Musicians,Noncreatives,AHQ,S/M,30,5,25,80,2,78,16.666666666666664,2.5,RR,1.366004335139099,6.666666666666666,32.536093262045696,NA,NA,FALSE,Unconditional MLE & normal approximation (Wald) CI,NA,SR/(M+SL),mix,1,1,
preti_2007,Art,Professionals,"Writers, Painters",Noncreatives,AHQ,S/M,50,10,40,80,2,78,20,2.5,OR,2.2538540205034105,9.75,41.508611669134424,9.25,0.0023487756273294956,NA,Score,NA,SR/(M+SL),mix,1,1,
preti_2007,Art,Professionals,"Writers, Painters",Noncreatives,AHQ,S/M,50,10,40,80,2,78,20,2.5,RR,1.8275016108206732,8,35.020488967590886,NA,NA,FALSE,Unconditional MLE & normal approximation (Wald) CI,NA,SR/(M+SL),mix,1,1,
schacter_1996,Architecture,Professionals,Architects,Surgeons,1i_3pt,R/L,141,26,115,126,5,121,18.439716312056735,3.968253968253968,OR,2.0909950940737927,5.471304347826087,14.259110133750287,12.2,4.766205335116057e-4,NA,Score,NA,SR/SL,success,0,0,
schacter_1996,Architecture,Professionals,Architects,Surgeons,1i_3pt,R/L,141,26,115,126,5,121,18.439716312056735,3.968253968253968,RR,1.839937299264508,4.646808510638298,11.735633243139306,NA,NA,FALSE,Unconditional MLE & normal approximation (Wald) CI,NA,SR/SL,success,0,0,
schacter_1996,Architecture,Professionals,Architects,Mathemeticians,1i_3pt,R/L,141,26,115,143,11,132,18.439716312056735,7.6923076923076925,OR,1.2970366539129605,2.71304347826087,5.669270518367324,6.32,0.011938608873570036,NA,Score,NA,SR/SL,success,0,0,
schacter_1996,Architecture,Professionals,Architects,Mathemeticians,1i_3pt,R/L,141,26,115,143,11,132,18.439716312056735,7.6923076923076925,RR,1.2322053988097126,2.3971631205673756,4.66350093268478,NA,NA,FALSE,Unconditional MLE & normal approximation (Wald) CI,NA,SR/SL,success,0,0,
schacter_1996,Architecture,Professionals,Architects,Librarians,1i_3pt,R/L,141,26,115,79,8,71,18.439716312056735,10.126582278481013,OR,0.8732449482878994,2.006521739130435,4.596734542330002,2.08,0.14928625721352887,NA,Score,NA,SR/SL,success,0,0,
schacter_1996,Architecture,Professionals,Architects,Librarians,1i_3pt,R/L,141,26,115,79,8,71,18.439716312056735,10.126582278481013,RR,0.8661781647714473,1.8209219858156027,3.82803101403687,NA,NA,FALSE,Unconditional MLE & normal approximation (Wald) CI,NA,SR/SL,success,0,0,
schacter_1996,Architecture,Professionals,Architects,Dentists,1i_3pt,R/L,141,26,115,126,10,116,18.439716312056735,7.936507936507936,OR,1.2228608901473796,2.6226086956521737,5.613345622406201,5.42,0.019856987266510227,NA,Score,NA,SR/SL,success,0,0,
schacter_1996,Architecture,Professionals,Architects,Dentists,1i_3pt,R/L,141,26,115,126,10,116,18.439716312056735,7.936507936507936,RR,1.1670032509837063,2.323404255319149,4.625700338953468,NA,NA,FALSE,Unconditional MLE & normal approximation (Wald) CI,NA,SR/SL,success,0,0,
schacter_1996,Architecture,Professionals,Architects,Orthodontists,1i_3pt,R/L,141,26,115,203,19,184,18.439716312056735,9.35960591133005,OR,1.1660457572662952,2.1894736842105265,4.1111551446223595,5.26,0.02180380366134463,NA,Score,NA,SR/SL,success,0,0,
schacter_1996,Architecture,Professionals,Architects,Orthodontists,1i_3pt,R/L,141,26,115,203,19,184,18.439716312056735,9.35960591133005,RR,1.135368194830059,1.9701381112355356,3.418665587971394,NA,NA,FALSE,Unconditional MLE & normal approximation (Wald) CI,NA,SR/SL,success,0,0,
schacter_1996,Architecture,Professionals,Architects,Accountants,1i_3pt,R/L,141,26,115,120,13,107,18.439716312056735,10.833333333333334,OR,0.9167137659017475,1.8608695652173912,3.7736710097146475,2.38,0.12266618112381156,NA,Score,NA,SR/SL,success,0,0,
schacter_1996,Architecture,Professionals,Architects,Accountants,1i_3pt,R/L,141,26,115,120,13,107,18.439716312056735,10.833333333333334,RR,0.9159539513198073,1.7021276595744679,3.1630832153884976,NA,NA,FALSE,Unconditional MLE & normal approximation (Wald) CI,NA,SR/SL,success,0,0,
schacter_1996,Architecture,Professionals,Architects,Psychiatrists,1i_3pt,R/L,141,26,115,111,10,101,18.439716312056735,9.00900900900901,OR,1.0615445075485421,2.283478260869565,4.902159077562815,3.77,0.05206370491830081,NA,Score,NA,SR/SL,success,0,0,
schacter_1996,Architecture,Professionals,Architects,Psychiatrists,1i_3pt,R/L,141,26,115,111,10,101,18.439716312056735,9.00900900900901,RR,1.0311611932070528,2.046808510638298,4.062822676822893,NA,NA,FALSE,Unconditional MLE & normal approximation (Wald) CI,NA,SR/SL,success,0,0,
schacter_1996,Architecture,Professionals,Architects,Lawyers,1i_3pt,R/L,141,26,115,99,16,83,18.439716312056735,16.161616161616163,OR,0.5953519243577028,1.1728260869565217,2.3081253744915493,0.08,0.7758745180281321,NA,Score,NA,SR/SL,success,0,0,
schacter_1996,Architecture,Professionals,Architects,Lawyers,1i_3pt,R/L,141,26,115,99,16,83,18.439716312056735,16.161616161616163,RR,0.6470058927336476,1.1409574468085104,2.0120124253083103,NA,NA,FALSE,Unconditional MLE & normal approximation (Wald) CI,NA,SR/SL,success,0,0,
schacter_1996,Architecture,Professionals,Architects,Non-architects,1i_3pt,R/L,141,26,115,1007,92,915,18.439716312056735,9.136047666335651,OR,1.3995896574566076,2.2485822306238186,3.612574600662163,10.62,0.0011176931767030863,NA,Score,NA,SR/SL,success,1,0,
schacter_1996,Architecture,Professionals,Architects,Non-architects,1i_3pt,R/L,141,26,115,1007,92,915,18.439716312056735,9.136047666335651,RR,1.3555786211411505,2.0183472093740362,3.0051561702549012,NA,NA,FALSE,Unconditional MLE & normal approximation (Wald) CI,NA,SR/SL,success,1,0,
schacter_1996,Architecture,Professionals,Architects,Surgeons,1i_3pt,S/M,148,7,141,132,6,126,4.72972972972973,4.545454545454546,OR,0.35624082237253235,1.0425531914893618,3.048026103598557,0,0.9999999999999996,NA,Score,NA,(SR+SL)/M,success,0,0,
schacter_1996,Architecture,Professionals,Architects,Surgeons,1i_3pt,S/M,148,7,141,132,6,126,4.72972972972973,4.545454545454546,RR,0.358747064420001,1.0405405405405406,3.0180724078087704,NA,NA,FALSE,Unconditional MLE & normal approximation (Wald) CI,NA,(SR+SL)/M,success,0,0,
schacter_1996,Architecture,Professionals,Architects,Mathemeticians,1i_3pt,S/M,148,7,141,145,2,143,4.72972972972973,1.3793103448275863,OR,0.8180953137007859,3.549645390070922,15.2942255660078,1.75,0.18578049928552545,NA,Score,NA,(SR+SL)/M,success,0,0,
schacter_1996,Architecture,Professionals,Architects,Mathemeticians,1i_3pt,S/M,148,7,141,145,2,143,4.72972972972973,1.3793103448275863,RR,0.7244044269788551,3.4290540540540544,16.231833030981413,NA,NA,FALSE,Unconditional MLE & normal approximation (Wald) CI,NA,(SR+SL)/M,success,0,0,
schacter_1996,Architecture,Professionals,Architects,Librarians,1i_3pt,S/M,148,7,141,80,1,79,4.72972972972973,1.25,OR,0.6115059117877417,3.921985815602837,24.85435216197333,0.97,0.32427283393848233,NA,Score,NA,(SR+SL)/M,success,0,0,
schacter_1996,Architecture,Professionals,Architects,Librarians,1i_3pt,S/M,148,7,141,80,1,79,4.72972972972973,1.25,RR,0.4738626957793365,3.7837837837837838,30.213434925234406,NA,NA,FALSE,Unconditional MLE & normal approximation (Wald) CI,NA,(SR+SL)/M,success,0,0,
schacter_1996,Architecture,Professionals,Architects,Dentists,1i_3pt,S/M,148,7,141,132,6,126,4.72972972972973,4.545454545454546,OR,0.35624082237253235,1.0425531914893618,3.048026103598557,0,0.9999999999999996,NA,Score,NA,(SR+SL)/M,success,0,0,
schacter_1996,Architecture,Professionals,Architects,Dentists,1i_3pt,S/M,148,7,141,132,6,126,4.72972972972973,4.545454545454546,RR,0.358747064420001,1.0405405405405406,3.0180724078087704,NA,NA,FALSE,Unconditional MLE & normal approximation (Wald) CI,NA,(SR+SL)/M,success,0,0,
schacter_1996,Architecture,Professionals,Architects,Orthodontists,1i_3pt,S/M,148,7,141,211,8,203,4.72972972972973,3.7914691943127963,OR,0.46303956011230335,1.2597517730496455,3.430725236189625,0.03,0.8654719777867298,NA,Score,NA,(SR+SL)/M,success,0,0,
schacter_1996,Architecture,Professionals,Architects,Orthodontists,1i_3pt,S/M,148,7,141,211,8,203,4.72972972972973,3.7914691943127963,RR,0.46243159273832257,1.2474662162162162,3.3651938687532508,NA,NA,FALSE,Unconditional MLE & normal approximation (Wald) CI,NA,(SR+SL)/M,success,0,0,
schacter_1996,Architecture,Professionals,Architects,Accountants,1i_3pt,S/M,148,7,141,125,5,120,4.72972972972973,4,OR,0.3872859640915516,1.1914893617021278,3.6583093369877964,0,0.9999999999999976,NA,Score,NA,(SR+SL)/M,success,0,0,
schacter_1996,Architecture,Professionals,Architects,Accountants,1i_3pt,S/M,148,7,141,125,5,120,4.72972972972973,4,RR,0.3847757413192868,1.1824324324324325,3.633665813947188,NA,NA,FALSE,Unconditional MLE & normal approximation (Wald) CI,NA,(SR+SL)/M,success,0,0,
schacter_1996,Architecture,Professionals,Architects,Psychiatrists,1i_3pt,S/M,148,7,141,118,7,111,4.72972972972973,5.932203389830509,OR,0.27857493669331174,0.7872340425531916,2.2246704786544464,0.03,0.8728882099930916,NA,Score,NA,(SR+SL)/M,success,0,0,
schacter_1996,Architecture,Professionals,Architects,Psychiatrists,1i_3pt,S/M,148,7,141,118,7,111,4.72972972972973,5.932203389830509,RR,0.28769187780192323,0.7972972972972974,2.209596548691043,NA,NA,FALSE,Unconditional MLE & normal approximation (Wald) CI,NA,(SR+SL)/M,success,0,0,
schacter_1996,Architecture,Professionals,Architects,Lawyers,1i_3pt,S/M,148,7,141,105,6,99,4.72972972972973,5.714285714285714,OR,0.2787866827262772,0.8191489361702128,2.4044715422865686,0,0.9517298980447675,NA,Score,NA,(SR+SL)/M,success,0,0,
schacter_1996,Architecture,Professionals,Architects,Lawyers,1i_3pt,S/M,148,7,141,105,6,99,4.72972972972973,5.714285714285714,RR,0.28637311132500537,0.8277027027027027,2.392304783404916,NA,NA,FALSE,Unconditional MLE & normal approximation (Wald) CI,NA,(SR+SL)/M,success,0,0,
schacter_1996,Architecture,Professionals,Architects,Non-architects,1i_3pt,S/M,148,7,141,1048,41,1007,4.72972972972973,3.9122137404580157,OR,0.5473601245151203,1.2193392146687425,2.719004987562442,0.06,0.8020982768572056,NA,Score,NA,(SR+SL)/M,success,1,0,
schacter_1996,Architecture,Professionals,Architects,Non-architects,1i_3pt,S/M,148,7,141,1048,41,1007,4.72972972972973,3.9122137404580157,RR,0.5526201657665808,1.2089650626235993,2.6448483301672376,NA,NA,FALSE,Unconditional MLE & normal approximation (Wald) CI,NA,(SR+SL)/M,success,1,0,
schacter_1996,Architecture,Professionals,Architects,Surgeons,1i_3pt,S/M,148,33,115,132,11,121,22.2972972972973,8.333333333333332,OR,1.5364473225102309,3.1565217391304348,6.471899124703836,9.24,0.002361960319844885,NA,Score,NA,SR/(M+SL),success,0,1,
schacter_1996,Architecture,Professionals,Architects,Surgeons,1i_3pt,S/M,148,33,115,132,11,121,22.2972972972973,8.333333333333332,RR,1.4097914099428674,2.675675675675676,5.0782266588591405,NA,NA,FALSE,Unconditional MLE & normal approximation (Wald) CI,NA,SR/(M+SL),success,0,1,
schacter_1996,Architecture,Professionals,Architects,Mathemeticians,1i_3pt,S/M,148,33,115,145,13,132,22.2972972972973,8.96551724137931,OR,1.4731620174381026,2.91371237458194,5.751414777965705,8.85,0.0029237122069649393,NA,Score,NA,SR/(M+SL),success,0,1,
schacter_1996,Architecture,Professionals,Architects,Mathemeticians,1i_3pt,S/M,148,33,115,145,13,132,22.2972972972973,8.96551724137931,RR,1.365517029467499,2.487006237006237,4.529566376275747,NA,NA,FALSE,Unconditional MLE & normal approximation (Wald) CI,NA,SR/(M+SL),success,0,1,
schacter_1996,Architecture,Professionals,Architects,Librarians,1i_3pt,S/M,148,33,115,80,9,71,22.2972972972973,11.25,OR,1.0346511573258947,2.263768115942029,4.938188881380551,3.51,0.06084410716110182,NA,Score,NA,SR/(M+SL),success,0,1,
schacter_1996,Architecture,Professionals,Architects,Librarians,1i_3pt,S/M,148,33,115,80,9,71,22.2972972972973,11.25,RR,0.9990703598662487,1.981981981981982,3.9319078362279947,NA,NA,FALSE,Unconditional MLE & normal approximation (Wald) CI,NA,SR/(M+SL),success,0,1,
schacter_1996,Architecture,Professionals,Architects,Dentists,1i_3pt,S/M,148,34,114,132,16,116,22.972972972972975,12.121212121212121,OR,1.1366975618307662,2.1622807017543857,4.109085127807023,4.89,0.02707508795485605,NA,Score,NA,SR/(M+SL),success,0,1,
schacter_1996,Architecture,Professionals,Architects,Dentists,1i_3pt,S/M,148,34,114,132,16,116,22.972972972972975,12.121212121212121,RR,1.0979575312936987,1.8952702702702704,3.2715740773123643,NA,NA,FALSE,Unconditional MLE & normal approximation (Wald) CI,NA,SR/(M+SL),success,0,1,
schacter_1996,Architecture,Professionals,Architects,Orthodontists,1i_3pt,S/M,148,33,115,211,27,184,22.2972972972973,12.796208530805686,OR,1.120298302115476,1.9555555555555555,3.410142768668328,4.98,0.025654180069216777,NA,Score,NA,SR/(M+SL),success,0,1,
schacter_1996,Architecture,Professionals,Architects,Orthodontists,1i_3pt,S/M,148,33,115,211,27,184,22.2972972972973,12.796208530805686,RR,1.0965303911700695,1.7424924924924927,2.7689885395267435,NA,NA,FALSE,Unconditional MLE & normal approximation (Wald) CI,NA,SR/(M+SL),success,0,1,
schacter_1996,Architecture,Professionals,Architects,Accountants,1i_3pt,S/M,148,35,113,125,20,105,23.64864864864865,16,OR,0.8861526686611887,1.6261061946902655,2.9809533617095143,2.01,0.15608556828252748,NA,Score,NA,SR/(M+SL),success,0,1,
schacter_1996,Architecture,Professionals,Architects,Accountants,1i_3pt,S/M,148,35,113,125,20,105,23.64864864864865,16,RR,0.9008645689613407,1.4780405405405406,2.425008058647628,NA,NA,FALSE,Unconditional MLE & normal approximation (Wald) CI,NA,SR/(M+SL),success,0,1,
schacter_1996,Architecture,Professionals,Architects,Psychiatrists,1i_3pt,S/M,148,33,115,118,17,101,22.2972972972973,14.40677966101695,OR,0.8998243016421377,1.7048593350383632,3.226898523698328,2.19,0.13926935171872507,NA,Score,NA,SR/(M+SL),success,0,1,
schacter_1996,Architecture,Professionals,Architects,Psychiatrists,1i_3pt,S/M,148,33,115,118,17,101,22.2972972972973,14.40677966101695,RR,0.908442485241791,1.5476947535771064,2.6367756783331764,NA,NA,FALSE,Unconditional MLE & normal approximation (Wald) CI,NA,SR/(M+SL),success,0,1,
schacter_1996,Architecture,Professionals,Architects,Lawyers,1i_3pt,S/M,148,36,112,105,22,83,24.324324324324326,20.952380952380953,OR,0.6661501881852987,1.2126623376623376,2.2053298045631147,0.23,0.6334229616566245,NA,Score,NA,SR/(M+SL),success,0,1,
schacter_1996,Architecture,Professionals,Architects,Lawyers,1i_3pt,S/M,148,36,112,105,22,83,24.324324324324326,20.952380952380953,RR,0.7272300882708758,1.160933660933661,1.853288232742677,NA,NA,FALSE,Unconditional MLE & normal approximation (Wald) CI,NA,SR/(M+SL),success,0,1,
schacter_1996,Architecture,Professionals,Architects,Non-architects,1i_3pt,S/M,148,33,115,1048,135,913,22.2972972972973,12.881679389312978,OR,1.2685712225416794,1.9406763285024153,2.971840106122032,8.76,0.003081477636742789,NA,Score,NA,SR/(M+SL),success,1,1,
schacter_1996,Architecture,Professionals,Architects,Non-architects,1i_3pt,S/M,148,33,115,1048,135,913,22.2972972972973,12.881679389312978,RR,1.2326749720659644,1.7309309309309309,2.4305854791810333,NA,NA,FALSE,Unconditional MLE & normal approximation (Wald) CI,NA,SR/(M+SL),success,1,1,
gotestam_1990,Architecture,Students,Architecture (freshmen),HS seniors,4i_3pt,R/L,60,7,53,87,14,73,11.666666666666666,16.091954022988507,OR,0.2663716892481048,0.6886792452830189,1.7876489360091365,0.26,0.6073794573020829,NA,Score,NA,(SR+MR)/(SL+ML),pref,1,0,
gotestam_1990,Architecture,Students,Architecture (freshmen),HS seniors,4i_3pt,R/L,60,7,53,87,14,73,11.666666666666666,16.091954022988507,RR,0.31125123243397385,0.725,1.6887483332664441,NA,NA,FALSE,Unconditional MLE & normal approximation (Wald) CI,NA,(SR+MR)/(SL+ML),pref,1,0,
gotestam_1990,Music,Students,Music (freshmen),HS seniors,4i_3pt,R/L,88,13,75,87,14,73,14.772727272727273,16.091954022988507,OR,0.40208588757438884,0.9038095238095238,2.0315849935859043,0,0.9742425006005633,NA,Score,NA,(SR+MR)/(SL+ML),pref,1,0,
gotestam_1990,Music,Students,Music (freshmen),HS seniors,4i_3pt,R/L,88,13,75,87,14,73,14.772727272727273,16.091954022988507,RR,0.4584721014462879,0.9180194805194806,1.8381920381953492,NA,NA,FALSE,Unconditional MLE & normal approximation (Wald) CI,NA,(SR+MR)/(SL+ML),pref,1,0,
gotestam_1990,Architecture,Students,Architecture (freshmen),HS seniors,4i_3pt,S/M,60,45,15,87,69,18,75,79.3103448275862,OR,0.3602012540648349,0.7826086956521738,1.6986740026570253,0.17,0.678506486761815,NA,Score,NA,(SR+SL)/M,pref,1,0,
gotestam_1990,Architecture,Students,Architecture (freshmen),HS seniors,4i_3pt,S/M,60,45,15,87,69,18,75,79.3103448275862,RR,0.7888698837546644,0.9456521739130435,1.133593831431618,NA,NA,FALSE,Unconditional MLE & normal approximation (Wald) CI,NA,(SR+SL)/M,pref,1,0,
gotestam_1990,Music,Students,Music (freshmen),HS seniors,4i_3pt,S/M,88,65,23,87,69,18,73.86363636363636,79.3103448275862,OR,0.36646580125752326,0.7372400756143668,1.4846308991289554,0.45,0.5015247081209606,NA,Score,NA,(SR+SL)/M,pref,1,0,
gotestam_1990,Music,Students,Music (freshmen),HS seniors,4i_3pt,S/M,88,65,23,87,69,18,73.86363636363636,79.3103448275862,RR,0.7902876459600486,0.9313241106719368,1.0975302518682188,NA,NA,FALSE,Unconditional MLE & normal approximation (Wald) CI,NA,(SR+SL)/M,pref,1,0,
wood_1991,Architecture,Students,Architecture students (M),General students (M),0-split,R/L,78,9,69,221,28,193,11.538461538461538,12.669683257918551,OR,0.41009696052266625,0.8990683229813665,1.974999532741936,0,0.9514684627728944,NA,Score,NA,SR/SL,pref,1,0,
wood_1991,Architecture,Students,Architecture students (M),General students (M),0-split,R/L,78,9,69,221,28,193,11.538461538461538,12.669683257918551,RR,0.44987462402926504,0.9107142857142858,1.8436259035364664,NA,NA,FALSE,Unconditional MLE & normal approximation (Wald) CI,NA,SR/SL,pref,1,0,
wood_1991,Architecture,Students,Architecture students (W),General students (W),Writing hand,R/L,27,1,26,149,22,127,3.7037037037037033,14.76510067114094,OR,0.0366109225183829,0.22202797202797203,1.3695693528676298,1.58,0.20812020889393532,NA,Score,NA,SR/SL,pref,1,0,
wood_1991,Architecture,Students,Architecture students (W),General students (W),Writing hand,R/L,27,1,26,149,22,127,3.7037037037037033,14.76510067114094,RR,0.035275442685920914,0.2508417508417508,1.783722022302732,NA,NA,FALSE,Unconditional MLE & normal approximation (Wald) CI,NA,SR/SL,pref,1,0,
wood_1991,Architecture,Students,Architecture students (W),General students (W),Writing hand,S/M,27,2,25,149,2,147,7.4074074074074066,1.342281879194631,OR,0.9852025923255048,5.880000000000001,35.16391820754979,1.55,0.21350871733089263,NA,Score,NA,(SR+SL)/M,pref,1,0,
wood_1991,Architecture,Students,Architecture students (W),General students (W),Writing hand,S/M,27,2,25,149,2,147,7.4074074074074066,1.342281879194631,RR,0.8117990820938911,5.518518518518518,37.51426591993803,NA,NA,FALSE,Unconditional MLE & normal approximation (Wald) CI,NA,(SR+SL)/M,pref,1,0,
aggleton_1994,Music,Professionals,Instrumental musicians,British adults,EHI,R/L,623,76,547,1538,129,1409,12.199036918138042,8.387516254876463,OR,1.1240069079492454,1.5175658631294022,2.0489252625124252,7.06,0.007862202442616522,NA,Score,NA,0-split,success,1,0,
aggleton_1994,Music,Professionals,Instrumental musicians,British adults,EHI,R/L,623,76,547,1538,129,1409,12.199036918138042,8.387516254876463,RR,1.1128427544794424,1.4544278124105663,1.9008617821328166,NA,NA,FALSE,Unconditional MLE & normal approximation (Wald) CI,NA,0-split,success,1,0,
aggleton_1994,Music,Professionals,Composers,British adults,EHI,R/L,331,36,295,1538,129,1409,10.876132930513595,8.387516254876463,OR,0.903213257329337,1.3329128892392592,1.9670401822416261,1.8,0.17994899487500116,NA,Score,NA,0-split,success,1,0,
aggleton_1994,Music,Professionals,Composers,British adults,EHI,R/L,331,36,295,1538,129,1409,10.876132930513595,8.387516254876463,RR,0.9139257246535564,1.2967048408627835,1.8398031688563803,NA,NA,FALSE,Unconditional MLE & normal approximation (Wald) CI,NA,0-split,success,1,0,
aggleton_1994,Music,Professionals,Choir Members,British adults,EHI,R/L,584,73,511,1538,129,1409,12.5,8.387516254876463,OR,1.151087570632106,1.5603543743078627,2.1151351430931458,7.84,0.005108231028341062,NA,Score,NA,0-split,success,1,0,
aggleton_1994,Music,Professionals,Choir Members,British adults,EHI,R/L,584,73,511,1538,129,1409,12.5,8.387516254876463,RR,1.1367764507554492,1.4903100775193798,1.953791465049993,NA,NA,FALSE,Unconditional MLE & normal approximation (Wald) CI,NA,0-split,success,1,0,
aggleton_1994,Music,Professionals,Musicians,British adults,EHI,R/L,1538,185,1353,1538,129,1409,12.028608582574773,8.387516254876463,OR,1.1780494677477087,1.4934655689051606,1.8933325522989704,10.73,0.0010547063611074526,NA,Score,NA,0-split,success,0,0,
aggleton_1994,Music,Professionals,Musicians,British adults,EHI,R/L,1538,185,1353,1538,129,1409,12.028608582574773,8.387516254876463,RR,1.1584972045137927,1.4341085271317828,1.7752889343010976,NA,NA,FALSE,Unconditional MLE & normal approximation (Wald) CI,NA,0-split,success,0,0,
aggleton_1994,Music,Professionals,Instrumental musicians,British adults,EHI,S/M,623,102,521,1538,169,1369,16.37239165329053,10.988296488946684,OR,1.2164474023854435,1.5859123896921032,2.0675929784113936,11.23,8.034168413288397e-4,NA,Score,NA,(SR+SL)/(ML+MR),success,1,0,
aggleton_1994,Music,Professionals,Instrumental musicians,British adults,EHI,S/M,623,102,521,1538,169,1369,16.37239165329053,10.988296488946684,RR,1.1868794531225861,1.4899845185065583,1.870496502023381,NA,NA,FALSE,Unconditional MLE & normal approximation (Wald) CI,NA,(SR+SL)/(ML+MR),success,1,0,
aggleton_1994,Music,Professionals,Composers,British adults,EHI,S/M,331,52,279,1538,169,1369,15.709969788519636,10.988296488946684,OR,1.0787244594209204,1.5097877033360905,2.1131057975347303,5.38,0.02036726208125058,NA,Score,NA,(SR+SL)/(ML+MR),success,1,0,
aggleton_1994,Music,Professionals,Composers,British adults,EHI,S/M,331,52,279,1538,169,1369,15.709969788519636,10.988296488946684,RR,1.0727593636940098,1.4297002091564026,1.9054065219466099,NA,NA,FALSE,Unconditional MLE & normal approximation (Wald) CI,NA,(SR+SL)/(ML+MR),success,1,0,
aggleton_1994,Music,Professionals,Choir Members,British adults,EHI,S/M,584,92,492,1538,169,1369,15.753424657534246,10.988296488946684,OR,1.1514548519717658,1.5147447924183384,1.9926545814883043,8.47,0.003603165843428753,NA,Score,NA,(SR+SL)/(ML+MR),success,1,0,
aggleton_1994,Music,Professionals,Choir Members,British adults,EHI,S/M,584,92,492,1538,169,1369,15.753424657534246,10.988296488946684,RR,1.1329601338396482,1.4336548593661345,1.8141558510257643,NA,NA,FALSE,Unconditional MLE & normal approximation (Wald) CI,NA,(SR+SL)/(ML+MR),success,1,0,
aggleton_1994,Music,Professionals,Musicians,British adults,EHI,S/M,1538,246,1292,1538,169,1369,15.99479843953186,10.988296488946684,OR,1.2499071191159927,1.5423727261069486,1.9032723230835629,16.09,6.044411092985141e-5,NA,Score,NA,(SR+SL)/(ML+MR),success,0,0,
aggleton_1994,Music,Professionals,Musicians,British adults,EHI,S/M,1538,246,1292,1538,169,1369,15.99479843953186,10.988296488946684,RR,1.212653290701675,1.455621301775148,1.7472705433847138,NA,NA,FALSE,Unconditional MLE & normal approximation (Wald) CI,NA,(SR+SL)/(ML+MR),success,0,0,
quinan_1922,Music,Professionals,Violin/violists,Machinists,1i_2pt,R/L,40,2,38,100,4,96,5,4,OR,0.25899388569483145,1.263157894736842,6.234974761675985,0,0.999999999999999,NA,Score,NA,R/L,success,0,0,
quinan_1922,Music,Professionals,Violin/violists,Machinists,1i_2pt,R/L,40,2,38,100,4,96,5,4,RR,0.23831632805279243,1.25,6.5564118613554285,NA,NA,FALSE,Unconditional MLE & normal approximation (Wald) CI,NA,R/L,success,0,0,
quinan_1922,Music,Professionals,Cello/bassists,Machinists,1i_2pt,R/L,24,2,22,100,4,96,8.333333333333332,4,OR,0.4380612117379657,2.181818181818182,11.053037159989325,0.13,0.7197537064496933,NA,Score,NA,R/L,success,0,0,
quinan_1922,Music,Professionals,Cello/bassists,Machinists,1i_2pt,R/L,24,2,22,100,4,96,8.333333333333332,4,RR,0.4049867169844435,2.083333333333333,10.717086748167342,NA,NA,FALSE,Unconditional MLE & normal approximation (Wald) CI,NA,R/L,success,0,0,
quinan_1922,Music,Professionals,Piano/Organists,Machinists,1i_2pt,R/L,18,2,16,100,4,96,11.11111111111111,4,OR,0.5921860616870382,3,15.56690187161066,0.46,0.4955518464068693,NA,Score,NA,R/L,success,0,0,
quinan_1922,Music,Professionals,Piano/Organists,Machinists,1i_2pt,R/L,18,2,16,100,4,96,11.11111111111111,4,RR,0.5488941582104686,2.7777777777777777,14.057444895883542,NA,NA,FALSE,Unconditional MLE & normal approximation (Wald) CI,NA,R/L,success,0,0,
quinan_1922,Music,Professionals,Flute/Oboists,Machinists,1i_2pt,R/L,10,0,10,100,4,96,0,4,OR,0,0,10.27681589085992,0,0.9999999999999946,NA,Score,NA,R/L,success,0,0,
quinan_1922,Music,Professionals,Flute/Oboists,Machinists,1i_2pt,R/L,10,0,10,100,4,96,0,4,RR,0,0,NA,NA,NA,FALSE,Unconditional MLE & normal approximation (Wald) CI,NA,R/L,success,0,0,
quinan_1922,Music,Professionals,Trombonists,Machinists,1i_2pt,R/L,8,2,6,100,4,96,25,4,OR,1.4289570172809767,8,47.413632020837525,2.87,0.09042648165379112,NA,Score,NA,R/L,success,0,0,
quinan_1922,Music,Professionals,Trombonists,Machinists,1i_2pt,R/L,8,2,6,100,4,96,25,4,RR,1.343851530896647,6.25,29.067571157906606,NA,NA,FALSE,Unconditional MLE & normal approximation (Wald) CI,NA,R/L,success,0,0,
quinan_1922,Music,Professionals,Instrumental musicians,Machinists,1i_2pt,R/L,100,8,92,100,4,96,8,4,OR,0.6414261346974062,2.0869565217391304,6.756313050347405,0.8,0.37173026702997414,NA,Score,NA,R/L,success,1,0,
quinan_1922,Music,Professionals,Instrumental musicians,Machinists,1i_2pt,R/L,100,8,92,100,4,96,8,4,RR,0.6221113773813058,2,6.429716840796999,NA,NA,FALSE,Unconditional MLE & normal approximation (Wald) CI,NA,R/L,success,1,0,
fry_1990,Music,Students,Music theory/composition,Microbiology,0-split,R/L,31,6,25,67,5,62,19.35483870967742,7.462686567164178,OR,0.8718272868610906,2.976,10.14848744134115,1.93,0.1644421820232748,NA,Score,NA,R/L,pref,0,0,
fry_1990,Music,Students,Music theory/composition,Microbiology,0-split,R/L,31,6,25,67,5,62,19.35483870967742,7.462686567164178,RR,0.8565860643884369,2.5935483870967744,7.852676474505437,NA,NA,FALSE,Unconditional MLE & normal approximation (Wald) CI,NA,R/L,pref,0,0,
fry_1990,Music,Students,Music theory/composition,Accounting,0-split,R/L,31,6,25,54,5,49,19.35483870967742,9.25925925925926,OR,0.6835373153354364,2.352,8.084968440480274,1,0.31774502527773696,NA,Score,NA,R/L,pref,0,0,
fry_1990,Music,Students,Music theory/composition,Accounting,0-split,R/L,31,6,25,54,5,49,19.35483870967742,9.25925925925926,RR,0.6947093548196431,2.0903225806451613,6.2896065251480895,NA,NA,FALSE,Unconditional MLE & normal approximation (Wald) CI,NA,R/L,pref,0,0,
fry_1990,Music,Students,Music theory/composition,Industrial Design,0-split,R/L,31,6,25,44,5,39,19.35483870967742,11.363636363636363,OR,0.5386293078959117,1.872,6.493121855574584,0.4,0.5274571643730327,NA,Score,NA,R/L,pref,0,0,
fry_1990,Music,Students,Music theory/composition,Industrial Design,0-split,R/L,31,6,25,44,5,39,19.35483870967742,11.363636363636363,RR,0.5702427783584757,1.7032258064516128,5.087268542205167,NA,NA,FALSE,Unconditional MLE & normal approximation (Wald) CI,NA,R/L,pref,0,0,
fry_1990,Music,Students,Music theory/composition,Landscape Architecture,0-split,R/L,31,6,25,32,5,27,19.35483870967742,15.625,OR,0.3655170063348104,1.296,4.581420792747156,0,0.9537857269354211,NA,Score,NA,R/L,pref,0,0,
fry_1990,Music,Students,Music theory/composition,Landscape Architecture,0-split,R/L,31,6,25,32,5,27,19.35483870967742,15.625,RR,0.42101669686377385,1.238709677419355,3.644514995159065,NA,NA,FALSE,Unconditional MLE & normal approximation (Wald) CI,NA,R/L,pref,0,0,
fry_1990,Music,Students,Music theory/composition,Architecture,0-split,R/L,31,6,25,69,12,57,19.35483870967742,17.391304347826086,OR,0.3958180123402547,1.1400000000000001,3.3096858172853976,0,0.9999999999999997,NA,Score,NA,R/L,pref,0,0,
fry_1990,Music,Students,Music theory/composition,Architecture,0-split,R/L,31,6,25,69,12,57,19.35483870967742,17.391304347826086,RR,0.459948069214817,1.1129032258064515,2.692811804003777,NA,NA,FALSE,Unconditional MLE & normal approximation (Wald) CI,NA,R/L,pref,0,0,
fry_1990,Music,Students,Music theory/composition,Law,0-split,R/L,31,6,25,69,15,54,19.35483870967742,21.73913043478261,OR,0.3078863670964176,0.8639999999999999,2.4464915668706118,0,0.9957644536713063,NA,Score,NA,R/L,pref,0,0,
fry_1990,Music,Students,Music theory/composition,Law,0-split,R/L,31,6,25,69,15,54,19.35483870967742,21.73913043478261,RR,0.38182924973360843,0.8903225806451613,2.075991554234482,NA,NA,FALSE,Unconditional MLE & normal approximation (Wald) CI,NA,R/L,pref,0,0,
fry_1990,Music,Students,Music theory/composition,Non-music,0-split,R/L,31,6,25,335,47,288,19.35483870967742,14.029850746268657,OR,0.5884852416653761,1.4706382978723402,3.6935718752132702,0.29,0.5896811603503079,NA,Score,NA,R/L,pref,1,0,
fry_1990,Music,Students,Music theory/composition,Non-music,0-split,R/L,31,6,25,335,47,288,19.35483870967742,14.029850746268657,RR,0.6413773864266056,1.3795470144131776,2.967285727954324,NA,NA,FALSE,Unconditional MLE & normal approximation (Wald) CI,NA,R/L,pref,1,0,
fry_1990,Architecture,Students,Architecture,Microbiology,0-split,R/L,69,12,57,67,5,62,17.391304347826086,7.462686567164178,OR,0.8938027634733442,2.610526315789474,7.578966599139249,2.22,0.13595367119208773,NA,Score,NA,R/L,pref,0,0,
fry_1990,Architecture,Students,Architecture,Microbiology,0-split,R/L,69,12,57,67,5,62,17.391304347826086,7.462686567164178,RR,0.8679935519288371,2.330434782608696,6.256873987052035,NA,NA,FALSE,Unconditional MLE & normal approximation (Wald) CI,NA,R/L,pref,0,0,
fry_1990,Architecture,Students,Architecture,Accounting,0-split,R/L,69,12,57,54,5,49,17.391304347826086,9.25925925925926,OR,0.7000666455132778,2.063157894736842,6.037915119831637,1.07,0.3013027505469764,NA,Score,NA,R/L,pref,0,0,
fry_1990,Architecture,Students,Architecture,Accounting,0-split,R/L,69,12,57,54,5,49,17.391304347826086,9.25925925925926,RR,0.7045001476076963,1.8782608695652174,5.007612711111015,NA,NA,FALSE,Unconditional MLE & normal approximation (Wald) CI,NA,R/L,pref,0,0,
fry_1990,Architecture,Students,Architecture,Industrial Design,0-split,R/L,69,12,57,44,5,39,17.391304347826086,11.363636363636363,OR,0.5516544661044355,1.6421052631578947,4.84911214129045,0.36,0.5457679576680269,NA,Score,NA,R/L,pref,0,0,
fry_1990,Architecture,Students,Architecture,Industrial Design,0-split,R/L,69,12,57,44,5,39,17.391304347826086,11.363636363636363,RR,0.578809131998276,1.5304347826086957,4.046637301198458,NA,NA,FALSE,Unconditional MLE & normal approximation (Wald) CI,NA,R/L,pref,0,0,
fry_1990,Architecture,Students,Architecture,Landscape Architecture,0-split,R/L,69,12,57,32,5,27,17.391304347826086,15.625,OR,0.37360836472411796,1.1368421052631579,3.4248608771401776,0,0.9999999999999989,NA,Score,NA,R/L,pref,0,0,
fry_1990,Architecture,Students,Architecture,Landscape Architecture,0-split,R/L,69,12,57,32,5,27,17.391304347826086,15.625,RR,0.42816258412104674,1.1130434782608696,2.893447093333154,NA,NA,FALSE,Unconditional MLE & normal approximation (Wald) CI,NA,R/L,pref,0,0,
fry_1990,Architecture,Students,Architecture,Music theory/composition,0-split,R/L,69,12,57,31,6,25,17.391304347826086,19.35483870967742,OR,0.3021434828578969,0.8771929824561403,2.5264135759955697,0,0.9999999999999997,NA,Score,NA,R/L,pref,0,0,
fry_1990,Architecture,Students,Architecture,Music theory/composition,0-split,R/L,69,12,57,31,6,25,17.391304347826086,19.35483870967742,RR,0.37135903761011485,0.8985507246376812,2.1741584907772573,NA,NA,FALSE,Unconditional MLE & normal approximation (Wald) CI,NA,R/L,pref,0,0,
fry_1990,Architecture,Students,Architecture,Law,0-split,R/L,69,12,57,69,15,54,17.391304347826086,21.73913043478261,OR,0.32885077620669423,0.7578947368421052,1.7484490783251285,0.18,0.6678018064766084,NA,Score,NA,R/L,pref,0,0,
fry_1990,Architecture,Students,Architecture,Law,0-split,R/L,69,12,57,69,15,54,17.391304347826086,21.73913043478261,RR,0.40455850591066417,0.8,1.5819714346614846,NA,NA,FALSE,Unconditional MLE & normal approximation (Wald) CI,NA,R/L,pref,0,0,
fry_1990,Architecture,Students,Architecture,Non-architecture,0-split,R/L,69,12,57,297,41,256,17.391304347826086,13.804713804713806,OR,0.6560294354540979,1.3145057766367136,2.6391849542725137,0.33,0.5668125051440013,NA,Score,NA,R/L,pref,1,0,
fry_1990,Architecture,Students,Architecture,Non-architecture,0-split,R/L,69,12,57,297,41,256,17.391304347826086,13.804713804713806,RR,0.7000636888680111,1.2598091198303285,2.267106612791197,NA,NA,FALSE,Unconditional MLE & normal approximation (Wald) CI,NA,R/L,pref,1,0,
fry_1990,Music,Students,Music theory/composition,Microbiology,EHI,R/L,31,NA,NA,67,NA,NA,31,67,d,-0.8002161898723944,-0.37219764908348985,0.0577294186528803,NA,NA,NA,NA,NA,R/L,pref,0,0,
fry_1990,Music,Students,Music theory/composition,Accounting,EHI,R/L,31,NA,NA,54,NA,NA,31,54,d,-0.9496945045155949,-0.5029541735873874,-0.05327334434489238,NA,NA,NA,NA,NA,R/L,pref,0,0,
fry_1990,Music,Students,Music theory/composition,Industrial Design,EHI,R/L,31,NA,NA,44,NA,NA,31,44,d,-0.7188449346833189,-0.25823102989369445,0.20413301829507585,NA,NA,NA,NA,NA,R/L,pref,0,0,
fry_1990,Music,Students,Music theory/composition,Landscape Architecture,EHI,R/L,31,NA,NA,32,NA,NA,31,32,d,-0.5830142799272802,-0.08920271071251806,0.4053417989568283,NA,NA,NA,NA,NA,R/L,pref,0,0,
fry_1990,Music,Students,Music theory/composition,Architecture,EHI,R/L,31,NA,NA,69,NA,NA,31,69,d,-0.5743356803568845,-0.15041240127318978,0.2742710926234378,NA,NA,NA,NA,NA,R/L,pref,0,0,
fry_1990,Music,Students,Music theory/composition,Law,EHI,R/L,31,NA,NA,69,NA,NA,31,69,d,-0.4536193557214114,-0.029892213881585163,0.3939870095135646,NA,NA,NA,NA,NA,R/L,pref,0,0,
fry_1990,Music,Students,Music theory/composition,Non-music,EHI,R/L,31,NA,NA,335,NA,NA,31,335,d,-0.589775044507291,-0.22162707589771918,0.14682391682349846,NA,NA,NA,NA,NA,R/L,pref,1,0,
fry_1990,Architecture,Students,Architecture,Microbiology,EHI,R/L,69,NA,NA,67,NA,NA,69,67,d,-0.5377936291409418,-0.20113942521251785,0.13626095535048063,NA,NA,NA,NA,NA,R/L,pref,0,0,
fry_1990,Architecture,Students,Architecture,Accounting,EHI,R/L,69,NA,NA,54,NA,NA,69,54,d,-0.6902060025624246,-0.33233166845320805,0.02689940033616769,NA,NA,NA,NA,NA,R/L,pref,0,0,
fry_1990,Architecture,Students,Architecture,Industrial Design,EHI,R/L,69,NA,NA,44,NA,NA,69,44,d,-0.47466170446560996,-0.09653999843888278,0.28201459768440784,NA,NA,NA,NA,NA,R/L,pref,0,0,
fry_1990,Architecture,Students,Architecture,Landscape Architecture,EHI,R/L,69,NA,NA,32,NA,NA,69,32,d,-0.360841477499257,0.0585739585619234,0.47769640528288787,NA,NA,NA,NA,NA,R/L,pref,0,0,
fry_1990,Architecture,Students,Architecture,Music theory/composition,EHI,R/L,69,NA,NA,31,NA,NA,69,31,d,-0.27427109262343796,0.15041240127318978,0.5743356803568849,NA,NA,NA,NA,NA,R/L,pref,0,0,
fry_1990,Architecture,Students,Architecture,Law,EHI,R/L,69,NA,NA,69,NA,NA,69,69,d,-0.2205492448123962,0.11361654857178831,0.44736864796581294,NA,NA,NA,NA,NA,R/L,pref,0,0,
fry_1990,Architecture,Students,Architecture,Non-architecture,EHI,R/L,69,NA,NA,297,NA,NA,69,297,d,-0.32079193799186345,-0.058865744551958754,0.20313774429441891,NA,NA,NA,NA,NA,R/L,pref,1,0,
oldfield_1969,Music,Students/Faculty,Music students and faculty,Psychology undergrads,1i_2pt,R/L,129,27,102,1128,224,904,20.930232558139537,19.858156028368796,OR,0.683801618089837,1.0682773109243697,1.6689290911942094,0.03,0.8632079329684661,NA,Score,NA,SR/(M+SL),preference,0,0,
oldfield_1969,Music,Students/Faculty,Music students and faculty,Psychology undergrads,1i_2pt,R/L,129,27,102,1128,224,904,20.930232558139537,19.858156028368796,RR,0.7388024547159242,1.053986710963455,1.5036333187532622,NA,NA,FALSE,Unconditional MLE & normal approximation (Wald) CI,NA,SR/(M+SL),preference,0,0,
oldfield_1969,Music,Students/Faculty,Music students and faculty,Psychology undergrads,22i_3pt,R/L,129,13,116,1128,157,971,10.077519379844961,13.918439716312056,OR,0.3841880950809576,0.6931144300461235,1.2516994329300246,1.15,0.28348758270215524,NA,Score,NA,0-split,preference,1,0,
oldfield_1969,Music,Students/Faculty,Music students and faculty,Psychology undergrads,22i_3pt,R/L,129,13,116,1128,157,971,10.077519379844961,13.918439716312056,RR,0.42382855528488983,0.724040882832173,1.2369039166320712,NA,NA,FALSE,Unconditional MLE & normal approximation (Wald) CI,NA,0-split,preference,1,0,
byrne_1974,Music,Students,Singers,General students,EHI,R/L,109,7,102,678,38,640,6.422018348623854,5.604719764011799,OR,0.5126653086271842,1.1558307533539733,2.6110952570379564,0.01,0.9053716492232731,NA,Score,NA,SR/SL,preference,1,0,
byrne_1974,Music,Students,Singers,General students,EHI,R/L,109,7,102,678,38,640,6.422018348623854,5.604719764011799,RR,0.5250630470255977,1.1458232737807823,2.5004825271463123,NA,NA,FALSE,Unconditional MLE & normal approximation (Wald) CI,NA,SR/SL,preference,1,0,
byrne_1974,Music,Students,Instrumental musicians,General students,EHI,R/L,75,3,72,678,38,640,4,5.604719764011799,OR,0.22448198015374354,0.7017543859649122,2.202546553985697,0.1,0.7542617018025489,NA,Score,NA,SR/SL,preference,1,0,
byrne_1974,Music,Students,Instrumental musicians,General students,EHI,R/L,75,3,72,678,38,640,4,5.604719764011799,RR,0.2257634893422657,0.7136842105263158,2.2561006380548307,NA,NA,FALSE,Unconditional MLE & normal approximation (Wald) CI,NA,SR/SL,preference,1,0,
byrne_1974,Music,Students,Singers,General students,EHI,S/M,134,25,109,864,186,678,18.65671641791045,21.52777777777778,OR,0.5271876378043221,0.8360461675051791,1.3258527781706764,0.41,0.5198061829648812,NA,Score,NA,(SR+SL)/M,preference,1,0,
byrne_1974,Music,Students,Singers,General students,EHI,S/M,134,25,109,864,186,678,18.65671641791045,21.52777777777778,RR,0.5951745237139552,0.8666345690900337,1.2619079722283788,NA,NA,FALSE,Unconditional MLE & normal approximation (Wald) CI,NA,(SR+SL)/M,preference,1,0,
byrne_1974,Music,Students,Instrumental musicians,General students,EHI,S/M,108,33,75,864,186,678,30.555555555555557,21.52777777777778,OR,1.0348756433080903,1.6038709677419356,2.4881970117834054,3.98,0.04603635072716979,NA,Score,NA,(SR+SL)/M,preference,1,0,
byrne_1974,Music,Students,Instrumental musicians,General students,EHI,S/M,108,33,75,864,186,678,30.555555555555557,21.52777777777778,RR,1.0394387656494186,1.4193548387096775,1.9381306766155835,NA,NA,FALSE,Unconditional MLE & normal approximation (Wald) CI,NA,(SR+SL)/M,preference,1,0,
cosenza_1993,Art,Students,Fine Arts applicants,Non-art/music/ architecture applicants,EHI,R/L,31,4,27,10422,1190,9232,12.903225806451612,11.418153905200537,OR,0.4190883230167553,1.1493308434484906,3.1551400420117504,0,0.999999999999998,NA,Score,NA,SR/SL,preference,1,0,
cosenza_1993,Art,Students,Fine Arts applicants,Non-art/music/ architecture applicants,EHI,R/L,31,4,27,10422,1190,9232,12.903225806451612,11.418153905200537,RR,0.4520946320718216,1.130062347519653,2.8247203542968693,NA,NA,FALSE,Unconditional MLE & normal approximation (Wald) CI,NA,SR/SL,preference,1,0,
cosenza_1993,Architecture,Students,Architecture applicants,Non-art/music/ architecture applicants,EHI,R/L,347,42,305,10422,1190,9232,12.103746397694524,11.418153905200537,OR,0.7701931027665829,1.0683124397299906,1.4818250965663702,0.1,0.7573258350370756,NA,Score,NA,SR/SL,preference,1,0,
cosenza_1993,Architecture,Students,Architecture applicants,Non-art/music/ architecture applicants,EHI,R/L,347,42,305,10422,1190,9232,12.103746397694524,11.418153905200537,RR,0.7943553805827971,1.0600440752669944,1.4145978852490857,NA,NA,FALSE,Unconditional MLE & normal approximation (Wald) CI,NA,SR/SL,preference,1,0,
cosenza_1993,Music,Students,Music applicants,Non-art/music/ architecture applicants,EHI,R/L,4,2,2,10422,1190,9232,50,11.418153905200537,OR,1.3678390739073836,7.757983193277311,44.00101179683704,2.69,0.10128337307504183,NA,Score,NA,SR/SL,preference,1,0,
cosenza_1993,Music,Students,Music applicants,Non-art/music/ architecture applicants,EHI,R/L,4,2,2,10422,1190,9232,50,11.418153905200537,RR,1.6411194372182405,4.378991596638656,11.684443538085977,NA,NA,FALSE,Unconditional MLE & normal approximation (Wald) CI,NA,SR/SL,preference,1,0,
cosenza_1993,Art,Students,Fine Arts applicants,Non-art/music/ architecture applicants,EHI,S/M,51,20,31,16005,5583,10422,39.21568627450981,34.882849109653236,OR,0.6906362021304807,1.2043472985387669,2.100168527255386,0.25,0.6163549946233768,NA,Score,NA,(SR+SL)/M,preference,1,0,
cosenza_1993,Art,Students,Fine Arts applicants,Non-art/music/ architecture applicants,EHI,S/M,51,20,31,16005,5583,10422,39.21568627450981,34.882849109653236,RR,0.7983080123999314,1.124211103033368,1.5831616175115448,NA,NA,FALSE,Unconditional MLE & normal approximation (Wald) CI,NA,(SR+SL)/M,preference,1,0,
cosenza_1993,Architecture,Students,Architecture applicants,Non-art/music/ architecture applicants,EHI,S/M,526,179,347,16005,5583,10422,34.030418250950575,34.882849109653236,OR,0.8017066644557878,0.9629572276068612,1.1566407806148775,0.13,0.7209422627809424,NA,Score,NA,(SR+SL)/M,preference,1,0,
cosenza_1993,Architecture,Students,Architecture applicants,Non-art/music/ architecture applicants,EHI,S/M,526,179,347,16005,5583,10422,34.030418250950575,34.882849109653236,RR,0.8645086617015779,0.975563037983994,1.100883407237726,NA,NA,FALSE,Unconditional MLE & normal approximation (Wald) CI,NA,(SR+SL)/M,preference,1,0,
cosenza_1993,Music,Students,Music applicants,Non-art/music/ architecture applicants,EHI,S/M,10,6,4,16005,5583,10422,60,34.882849109653236,OR,0.8486543958304549,2.800107469102633,9.238863166262046,1.78,0.18219520737120184,NA,Score,NA,(SR+SL)/M,preference,1,0,
cosenza_1993,Music,Students,Music applicants,Non-art/music/ architecture applicants,EHI,S/M,10,6,4,16005,5583,10422,60,34.882849109653236,RR,1.0364964940607053,1.720042987641053,2.8543732625108946,NA,NA,FALSE,Unconditional MLE & normal approximation (Wald) CI,NA,(SR+SL)/M,preference,1,0,
nlsy79,Architecture,Professionals,"Architects, except naval","Non-art, architecture, music",1i_2pt,R/L,9,0,9,5468,722,4746,0,13.204096561814191,OR,0,0,2.812404646828982,0.46,0.49847179896801425,NA,Score,NA,R/L,mix,1,0,
nlsy79,Architecture,Professionals,"Architects, except naval","Non-art, architecture, music",1i_2pt,R/L,9,0,9,5468,722,4746,0,13.204096561814191,RR,0,0,NA,NA,NA,FALSE,Unconditional MLE & normal approximation (Wald) CI,NA,R/L,mix,1,0,
nlsy79,Art,Professionals,"Art, drama, and music teachers","Non-art, architecture, music",1i_2pt,R/L,1,0,1,5468,722,4746,0,13.204096561814191,OR,0,0,25.303471397879402,0,0.9999999999999982,NA,Score,NA,R/L,mix,0,0,
nlsy79,Art,Professionals,"Art, drama, and music teachers","Non-art, architecture, music",1i_2pt,R/L,1,0,1,5468,722,4746,0,13.204096561814191,RR,0,0,NA,NA,NA,FALSE,Unconditional MLE & normal approximation (Wald) CI,NA,R/L,mix,0,0,
nlsy79,Art,Professionals,"Artists, performers, and related workers NEC","Non-art, architecture, music",1i_2pt,R/L,9,0,9,5468,722,4746,0,13.204096561814191,OR,0,0,2.812404646828982,0.46,0.49847179896801425,NA,Score,NA,R/L,mix,0,0,
nlsy79,Art,Professionals,"Artists, performers, and related workers NEC","Non-art, architecture, music",1i_2pt,R/L,9,0,9,5468,722,4746,0,13.204096561814191,RR,0,0,NA,NA,NA,FALSE,Unconditional MLE & normal approximation (Wald) CI,NA,R/L,mix,0,0,
nlsy79,Art,Professionals,Authors,"Non-art, architecture, music",1i_2pt,R/L,2,0,2,5468,722,4746,0,13.204096561814191,OR,0,0,12.657980235099675,0,0.9999999999999268,NA,Score,NA,R/L,mix,0,0,
nlsy79,Art,Professionals,Authors,"Non-art, architecture, music",1i_2pt,R/L,2,0,2,5468,722,4746,0,13.204096561814191,RR,0,0,NA,NA,NA,FALSE,Unconditional MLE & normal approximation (Wald) CI,NA,R/L,mix,0,0,
nlsy79,Art,Professionals,Designers,"Non-art, architecture, music",1i_2pt,R/L,14,1,13,5468,722,4746,7.142857142857142,13.204096561814191,OR,0.08455265493123494,0.5056467078627743,3.0269217681429574,0.08,0.7841143671051055,NA,Score,NA,R/L,mix,0,0,
nlsy79,Art,Professionals,Designers,"Non-art, architecture, music",1i_2pt,R/L,14,1,13,5468,722,4746,7.142857142857142,13.204096561814191,RR,0.08173238265286636,0.5409576573011476,3.5804069023122156,NA,NA,FALSE,Unconditional MLE & normal approximation (Wald) CI,NA,R/L,mix,0,0,
nlsy79,Art,Professionals,"Painters, sculptors, craft-artists, and artist printmakers","Non-art, architecture, music",1i_2pt,R/L,12,1,11,5468,722,4746,8.333333333333332,13.204096561814191,OR,0.09903101235995199,0.5975824729287333,3.609595703861824,0.01,0.9433513939919386,NA,Score,NA,R/L,mix,0,0,
nlsy79,Art,Professionals,"Painters, sculptors, craft-artists, and artist printmakers","Non-art, architecture, music",1i_2pt,R/L,12,1,11,5468,722,4746,8.333333333333332,13.204096561814191,RR,0.09651891144967698,0.6311172668513388,4.126745717864568,NA,NA,FALSE,Unconditional MLE & normal approximation (Wald) CI,NA,R/L,mix,0,0,
nlsy79,Art,Professionals,Photographers,"Non-art, architecture, music",1i_2pt,R/L,5,0,5,5468,722,4746,0,13.204096561814191,OR,0,0,5.061921019932157,0.04,0.8328748325396236,NA,Score,NA,R/L,mix,0,0,
nlsy79,Art,Professionals,Photographers,"Non-art, architecture, music",1i_2pt,R/L,5,0,5,5468,722,4746,0,13.204096561814191,RR,0,0,NA,NA,NA,FALSE,Unconditional MLE & normal approximation (Wald) CI,NA,R/L,mix,0,0,
nlsy79,Art,Professionals,Artistic occupations,"Non-art, architecture, music",2i_2pt,R/L,43,2,41,5468,722,4746,4.651162790697675,13.204096561814191,OR,0.08534199049481972,0.32065400986419834,1.2047878593625108,2.04,0.15352888649019686,NA,Score,NA,R/L,mix,1,0,
nlsy79,Art,Professionals,Artistic occupations,"Non-art, architecture, music",2i_2pt,R/L,43,2,41,5468,722,4746,4.651162790697675,13.204096561814191,RR,0.09086278337142227,0.3522514977774915,1.3655879016965211,NA,NA,FALSE,Unconditional MLE & normal approximation (Wald) CI,NA,R/L,mix,1,0,
nlsy79,Music,Professionals,Musicians and composers,"Non-art, architecture, music",1i_2pt,R/L,12,0,12,5468,722,4746,0,13.204096561814191,OR,0,0,2.1089364487341977,0.85,0.35565505782487516,NA,Score,NA,R/L,mix,1,0,
nlsy79,Music,Professionals,Musicians and composers,"Non-art, architecture, music",1i_2pt,R/L,12,0,12,5468,722,4746,0,13.204096561814191,RR,0,0,NA,NA,NA,FALSE,Unconditional MLE & normal approximation (Wald) CI,NA,R/L,mix,1,0,
nlsy79,Architecture,Professionals,"Architects, except naval","Non-art, architecture, music",1i_2pt,S/M,9,0,9,5468,120,5348,0,2.194586686174104,OR,0,0,19.16490042454868,0,0.9999999999999944,NA,Score,NA,(SR+SL)/M,mix,1,0,
nlsy79,Architecture,Professionals,"Architects, except naval","Non-art, architecture, music",1i_2pt,S/M,9,0,9,5468,120,5348,0,2.194586686174104,RR,0,0,NA,NA,NA,FALSE,Unconditional MLE & normal approximation (Wald) CI,NA,(SR+SL)/M,mix,1,0,
nlsy79,Art,Professionals,"Art, drama, and music teachers","Non-art, architecture, music",1i_2pt,S/M,1,0,1,5468,120,5348,0,2.194586686174104,OR,0,0,172.25617096967972,0,0.99999999999872,NA,Score,NA,(SR+SL)/M,mix,0,0,
nlsy79,Art,Professionals,"Art, drama, and music teachers","Non-art, architecture, music",1i_2pt,S/M,1,0,1,5468,120,5348,0,2.194586686174104,RR,0,0,NA,NA,NA,FALSE,Unconditional MLE & normal approximation (Wald) CI,NA,(SR+SL)/M,mix,0,0,
nlsy79,Art,Professionals,"Artists, performers, and related workers NEC","Non-art, architecture, music",1i_2pt,S/M,9,0,9,5468,120,5348,0,2.194586686174104,OR,0,0,19.16490042454868,0,0.9999999999999944,NA,Score,NA,(SR+SL)/M,mix,0,0,
nlsy79,Art,Professionals,"Artists, performers, and related workers NEC","Non-art, architecture, music",1i_2pt,S/M,9,0,9,5468,120,5348,0,2.194586686174104,RR,0,0,NA,NA,NA,FALSE,Unconditional MLE & normal approximation (Wald) CI,NA,(SR+SL)/M,mix,0,0,
nlsy79,Art,Professionals,Authors,"Non-art, architecture, music",1i_2pt,S/M,2,0,2,5468,120,5348,0,2.194586686174104,OR,0,0,86.25676644899309,0,0.9999999999992634,NA,Score,NA,(SR+SL)/M,mix,0,0,
nlsy79,Art,Professionals,Authors,"Non-art, architecture, music",1i_2pt,S/M,2,0,2,5468,120,5348,0,2.194586686174104,RR,0,0,NA,NA,NA,FALSE,Unconditional MLE & normal approximation (Wald) CI,NA,(SR+SL)/M,mix,0,0,
nlsy79,Art,Professionals,Designers,"Non-art, architecture, music",1i_2pt,S/M,14,0,14,5468,120,5348,0,2.194586686174104,OR,0,0,12.308644932840904,0,0.9999999999999962,NA,Score,NA,(SR+SL)/M,mix,0,0,
nlsy79,Art,Professionals,Designers,"Non-art, architecture, music",1i_2pt,S/M,14,0,14,5468,120,5348,0,2.194586686174104,RR,0,0,NA,NA,NA,FALSE,Unconditional MLE & normal approximation (Wald) CI,NA,(SR+SL)/M,mix,0,0,
nlsy79,Art,Professionals,"Painters, sculptors, craft-artists, and artist printmakers","Non-art, architecture, music",1i_2pt,S/M,12,1,11,5468,120,5348,8.333333333333332,2.194586686174104,OR,0.668067658049358,4.051515151515152,24.693626478222487,0.21,0.6439098486546675,NA,Score,NA,(SR+SL)/M,mix,0,0,
nlsy79,Art,Professionals,"Painters, sculptors, craft-artists, and artist printmakers","Non-art, architecture, music",1i_2pt,S/M,12,1,11,5468,120,5348,8.333333333333332,2.194586686174104,RR,0.5766170988649896,3.797222222222222,25.00601635525613,NA,NA,FALSE,Unconditional MLE & normal approximation (Wald) CI,NA,(SR+SL)/M,mix,0,0,
nlsy79,Art,Professionals,Photographers,"Non-art, architecture, music",1i_2pt,S/M,5,0,5,5468,120,5348,0,2.194586686174104,OR,0,0,34.52853899445947,0,0.9999999999999846,NA,Score,NA,(SR+SL)/M,mix,0,0,
nlsy79,Art,Professionals,Photographers,"Non-art, architecture, music",1i_2pt,S/M,5,0,5,5468,120,5348,0,2.194586686174104,RR,0,0,NA,NA,NA,FALSE,Unconditional MLE & normal approximation (Wald) CI,NA,(SR+SL)/M,mix,0,0,
nlsy79,Art,Professionals,Artistic occupations,"Non-art, architecture, music",2i_2pt,S/M,43,1,42,5468,120,5348,2.3255813953488373,2.194586686174104,OR,0.18301948496949966,1.0611111111111111,6.164424677779595,0,0.999999999999885,NA,Score,NA,(SR+SL)/M,mix,1,0,
nlsy79,Art,Professionals,Artistic occupations,"Non-art, architecture, music",2i_2pt,S/M,43,1,42,5468,120,5348,2.3255813953488373,2.194586686174104,RR,0.1515062600754096,1.0596899224806202,7.4118569836524095,NA,NA,FALSE,Unconditional MLE & normal approximation (Wald) CI,NA,(SR+SL)/M,mix,1,0,
nlsy79,Music,Professionals,Musicians and composers,"Non-art, architecture, music",1i_2pt,S/M,12,0,12,5468,120,5348,0,2.194586686174104,OR,0,0,14.356817361739239,0,0.9999999999997385,NA,Score,NA,(SR+SL)/M,mix,1,0,
nlsy79,Music,Professionals,Musicians and composers,"Non-art, architecture, music",1i_2pt,S/M,12,0,12,5468,120,5348,0,2.194586686174104,RR,0,0,NA,NA,NA,FALSE,Unconditional MLE & normal approximation (Wald) CI,NA,(SR+SL)/M,mix,1,0,
nlsy97,Architecture,Professionals,"Architects, except naval","Non-art, architecture, music",3i_3pt,R/L,4,0,4,6090,1183,4907,0,19.42528735632184,OR,0,0,3.9911358049918815,0.12,0.7266004053194707,NA,Score,NA,SR/SL,mix,1,0,
nlsy97,Architecture,Professionals,"Architects, except naval","Non-art, architecture, music",3i_3pt,R/L,4,0,4,6090,1183,4907,0,19.42528735632184,RR,0,0,NA,NA,NA,FALSE,Unconditional MLE & normal approximation (Wald) CI,NA,SR/SL,mix,1,0,
nlsy97,Art,Professionals,Artists and related workers,"Non-art, architecture, music",3i_3pt,R/L,13,3,10,6090,1183,4907,23.076923076923077,19.42528735632184,OR,0.3685742165975841,1.2443786982248521,4.2012660540670215,0,0.9999999999997885,NA,Score,NA,SR/SL,mix,0,0,
nlsy97,Art,Professionals,Artists and related workers,"Non-art, architecture, music",3i_3pt,R/L,13,3,10,6090,1183,4907,23.076923076923077,19.42528735632184,RR,0.43975998513903425,1.1879836140191171,3.209262131323125,NA,NA,FALSE,Unconditional MLE & normal approximation (Wald) CI,NA,SR/SL,mix,0,0,
nlsy97,Art,Professionals,Designers,"Non-art, architecture, music",3i_3pt,R/L,38,9,29,6090,1183,4907,23.684210526315788,19.42528735632184,OR,0.6172677012804453,1.2872883085084679,2.6845907955091817,0.21,0.64864203447484,NA,Score,NA,SR/SL,mix,0,0,
nlsy97,Art,Professionals,Designers,"Non-art, architecture, music",3i_3pt,R/L,38,9,29,6090,1183,4907,23.684210526315788,19.42528735632184,RR,0.6874342770561263,1.2192463407038305,2.1624782018227893,NA,NA,FALSE,Unconditional MLE & normal approximation (Wald) CI,NA,SR/SL,mix,0,0,
nlsy97,Art,Professionals,Photographers,"Non-art, architecture, music",3i_3pt,R/L,14,2,12,6090,1183,4907,14.285714285714285,19.42528735632184,OR,0.17293916271618073,0.6913214990138067,2.763546483586532,0.02,0.8828186710373853,NA,Score,NA,SR/SL,mix,0,0,
nlsy97,Art,Professionals,Photographers,"Non-art, architecture, music",3i_3pt,R/L,14,2,12,6090,1183,4907,14.285714285714285,19.42528735632184,RR,0.2036337091134169,0.73541842772612,2.655946631792328,NA,NA,FALSE,Unconditional MLE & normal approximation (Wald) CI,NA,SR/SL,mix,0,0,
nlsy97,Art,Professionals,Writers and authors,"Non-art, architecture, music",3i_3pt,R/L,13,5,8,6090,1183,4907,38.46153846153847,19.42528735632184,OR,0.8902811552555899,2.592455621301775,7.549105255956672,1.91,0.16726517078050876,NA,Score,NA,SR/SL,mix,0,0,
nlsy97,Art,Professionals,Writers and authors,"Non-art, architecture, music",3i_3pt,R/L,13,5,8,6090,1183,4907,38.46153846153847,19.42528735632184,RR,0.9936027905805835,1.979972690031862,3.94553224934211,NA,NA,FALSE,Unconditional MLE & normal approximation (Wald) CI,NA,SR/SL,mix,0,0,
nlsy97,Art,Professionals,Artistic occupations,"Non-art, architecture, music",4i_3pt,R/L,78,19,59,6091,1184,4907,24.358974358974358,19.438515843047117,OR,0.796574942631189,1.3346455565735225,2.2361722247973965,0.9,0.34412188746251987,NA,Score,NA,SR/SL,mix,1,0,
nlsy97,Art,Professionals,Artistic occupations,"Non-art, architecture, music",4i_3pt,R/L,78,19,59,6091,1184,4907,24.358974358974358,19.438515843047117,RR,0.8447202392257424,1.2531293312543312,1.8589978645347374,NA,NA,FALSE,Unconditional MLE & normal approximation (Wald) CI,NA,SR/SL,mix,1,0,
nlsy97,Music,Professionals,"Musicians, singers and related workers","Non-art, architecture, music",3i_3pt,R/L,11,1,10,6090,1183,4907,9.090909090909092,19.42528735632184,OR,0.06832823712671351,0.41479289940828407,2.51803875871203,0.23,0.6281361588692526,NA,Score,NA,SR/SL,mix,1,0,
nlsy97,Music,Professionals,"Musicians, singers and related workers","Non-art, architecture, music",3i_3pt,R/L,11,1,10,6090,1183,4907,9.090909090909092,19.42528735632184,RR,0.07216839801262087,0.4679935449166219,3.0348180660089494,NA,NA,FALSE,Unconditional MLE & normal approximation (Wald) CI,NA,SR/SL,mix,1,0,
nlsy97,Architecture,Professionals,"Architects, except naval","Non-art, architecture, music",3i_3pt,S/M,4,0,4,6090,635,5455,0,10.426929392446633,OR,0,0,8.270637534727623,0,0.999999999999984,NA,Score,NA,(SR+SL)/M,mix,1,0,
nlsy97,Architecture,Professionals,"Architects, except naval","Non-art, architecture, music",3i_3pt,S/M,4,0,4,6090,635,5455,0,10.426929392446633,RR,0,0,NA,NA,NA,FALSE,Unconditional MLE & normal approximation (Wald) CI,NA,(SR+SL)/M,mix,1,0,
nlsy97,Art,Professionals,Artists and related workers,"Non-art, architecture, music",3i_3pt,S/M,13,1,12,6090,635,5455,7.6923076923076925,10.426929392446633,OR,0.11922944944131703,0.7158792650918635,4.302591412729294,0,0.9999999999999974,NA,Score,NA,(SR+SL)/M,mix,0,0,
nlsy97,Art,Professionals,Artists and related workers,"Non-art, architecture, music",3i_3pt,S/M,13,1,12,6090,635,5455,7.6923076923076925,10.426929392446633,RR,0.11206438119490751,0.7377347062386433,4.856605559998842,NA,NA,FALSE,Unconditional MLE & normal approximation (Wald) CI,NA,(SR+SL)/M,mix,0,0,
nlsy97,Art,Professionals,Designers,"Non-art, architecture, music",3i_3pt,S/M,38,4,34,6090,635,5455,10.526315789473683,10.426929392446633,OR,0.37259537088890843,1.0106530801296898,2.744105665040198,0,0.9999999999999983,NA,Score,NA,(SR+SL)/M,mix,0,0,
nlsy97,Art,Professionals,Designers,"Non-art, architecture, music",3i_3pt,S/M,38,4,34,6090,635,5455,10.526315789473683,10.426929392446633,RR,0.3983589321080657,1.0095317032739328,2.55838184554299,NA,NA,FALSE,Unconditional MLE & normal approximation (Wald) CI,NA,(SR+SL)/M,mix,0,0,
nlsy97,Art,Professionals,Photographers,"Non-art, architecture, music",3i_3pt,S/M,14,0,14,6090,635,5455,0,10.426929392446633,OR,0,0,2.3615972204111744,0.7,0.40190732366961124,NA,Score,NA,(SR+SL)/M,mix,0,0,
nlsy97,Art,Professionals,Photographers,"Non-art, architecture, music",3i_3pt,S/M,14,0,14,6090,635,5455,0,10.426929392446633,RR,0,0,NA,NA,NA,FALSE,Unconditional MLE & normal approximation (Wald) CI,NA,(SR+SL)/M,mix,0,0,
nlsy97,Art,Professionals,Writers and authors,"Non-art, architecture, music",3i_3pt,S/M,13,4,9,6090,635,5455,30.76923076923077,10.426929392446633,OR,1.2435070593892212,3.8180227471566055,11.734452880927151,3.76,0.0524281111276174,NA,Score,NA,(SR+SL)/M,mix,0,0,
nlsy97,Art,Professionals,Writers and authors,"Non-art, architecture, music",3i_3pt,S/M,13,4,9,6090,635,5455,30.76923076923077,10.426929392446633,RR,1.301364094931347,2.9509388249545734,6.691470882392576,NA,NA,FALSE,Unconditional MLE & normal approximation (Wald) CI,NA,(SR+SL)/M,mix,0,0,
nlsy97,Art,Professionals,Artistic occupations,"Non-art, architecture, music",4i_3pt,S/M,78,9,69,6091,636,5455,11.538461538461538,10.441635199474634,OR,0.5628134985924408,1.1187448728465956,2.223809652132884,0.02,0.8978536128354225,NA,Score,NA,(SR+SL)/M,mix,1,0,
nlsy97,Art,Professionals,Artistic occupations,"Non-art, architecture, music",4i_3pt,S/M,78,9,69,6091,636,5455,11.538461538461538,10.441635199474634,RR,0.5951296371258674,1.105043541364296,2.051857531761072,NA,NA,FALSE,Unconditional MLE & normal approximation (Wald) CI,NA,(SR+SL)/M,mix,1,0,
nlsy97,Music,Professionals,"Musicians, singers and related workers","Non-art, architecture, music",3i_3pt,S/M,11,0,11,6090,635,5455,0,10.426929392446633,OR,0,0,3.004820278474173,0.41,0.5239108358746846,NA,Score,NA,(SR+SL)/M,mix,1,0,
nlsy97,Music,Professionals,"Musicians, singers and related workers","Non-art, architecture, music",3i_3pt,S/M,11,0,11,6090,635,5455,0,10.426929392446633,RR,0,0,NA,NA,NA,FALSE,Unconditional MLE & normal approximation (Wald) CI,NA,(SR+SL)/M,mix,1,0,
